status_id,status_message,link_name,status_type,status_link,status_published,num_reactions,num_comments,num_shares,num_likes,num_loves,num_wows,num_hahas,num_sads,num_angrys,Party
21289227249_10155176031077250,"Das Programm von Martin Schulz k√∂nnte t√∂dlich f√ºr die deutsche Wettbewerbsf√§higkeit sein und individuelle Aufstiegschancen in der Mitte der Gesellschaft kosten. 

Unser Programm-Entwurf: https://www.liberale.de/content/schauen-wir-nicht-laenger-zu","""Das Programm von Schulz k√∂nnte t√∂dlich sein""",link,http://www.tagesspiegel.de/politik/fdp-chef-christian-lindner-im-interview-das-programm-von-schulz-koennte-toedlich-sein/19600654.html,2017-04-02 02:36:13,1257,85,173,1216,10,16,12,2,1,FDP
21289227249_10155173984417250,Die FDP NRW startet in den Landtagswahlkampf. Unterst√ºtzt sie mit Eurem Like!,FDP NRW,photo,https://www.facebook.com/fdpnrw/photos/a.378380827209.157317.282800387209/10155168033967210/?type=3,2017-04-01 09:27:31,417,15,0,412,2,1,2,0,0,FDP
21289227249_10155173060987250,"Kein #Aprilscherz 

Zum Programm-Entwurf: https://www.liberale.de/content/schauen-wir-nicht-laenger-zu",tagesschau,photo,https://www.facebook.com/tagesschau/photos/a.10151270623184407.483303.193081554406/10155237462374407/?type=3,2017-04-01 02:02:43,2379,175,1,2301,41,5,30,0,2,FDP
21289227249_10155171496312250,Jetzt live: Wolfgang Kubicki,FDP Schleswig-Holstein,video,https://www.facebook.com/fdp.schleswigholstein/videos/1347448278635196/,2017-03-31 13:06:21,86,5,1,82,4,0,0,0,0,FDP
21289227249_10155170801997250,"Wie Wolfgang Kubicki und Christian Lindner Wahlerfolge in Schleswig-Holstein und NRW einfahren wollen, was Deutschland im Streit mit der #Erdogan-Regierung machen muss und warum die FDP-Fraktionen f√ºr einen Freibetrag bei der Grunderwerbsteuer k√§mpfen - das alles und mehr erfahren Sie in der neuen fdplus-Ausgabe.",Die neue fdplus ist da,link,https://www.liberale.de/content/die-neue-fdplus-ist-da,2017-03-31 08:03:37,157,10,22,153,2,2,0,0,0,FDP
21289227249_10155170167437250,Christian Linder in der Live-Pressekonferenz zum #Wahlprogramm der Freien Demokraten.,,video,https://www.facebook.com/FDP/videos/10155170167437250/,2017-03-31 03:00:19,397,151,124,356,36,1,1,2,1,FDP
21289227249_10155168080647250,"Trotz Trump bekennen wir Freien Demokraten uns klar zur transatlantischen Partnerschaft mit den USA. Aus berechtigter Kritik an der Politik der US-Administration darf kein Antiamerikanismus werden. Die richtige Reaktion ist die St√§rkung der EU. ""Es muss darum gehen, Diplomatie, Verteidigung und Entwicklung ausreichend zu finanzieren. Das sollte uns 3% der Wirtschaftsleistung wert sein"", so Alexander Graf Lambsdorff.",Die gemeinsame Sicherheit muss uns mehr wert sein,link,https://www.liberale.de/content/die-gemeinsame-sicherheit-muss-uns-mehr-wert-sein,2017-03-30 08:48:00,392,32,32,382,6,1,1,2,0,FDP
21289227249_10155167851057250,Der Koalitionsausschuss von Union und SPD hat in der Nacht getagt. In den wichtigen Punkten bleiben sie zerstritten. Das bedeutet f√ºr unser Land 6 Monate Stillstand und Wahlkampfget√∂se statt anstehende Probleme zu l√∂sen. #WollenReichtNicht,Timeline Photos,photo,https://www.facebook.com/FDP/photos/a.82276712249.79698.21289227249/10155167851057250/?type=3,2017-03-30 06:20:11,914,38,108,791,2,2,115,3,1,FDP
21289227249_10155164765147250,"Die britische Premierministerin May verk√ºndet heute den  EU-Austritt ihres Landes. Wir bedauern diesen Schritt. Allerdings kann der #Brexit auch eine Chance f√ºr die #EU sein, gibt Alexander Graf Lambsdorff zu bedenken. ‚ÄûEs muss jetzt diskutiert werden, wie Europa im 21. Jahrhundert gestaltet werden soll.""",Timeline Photos,photo,https://www.facebook.com/FDP/photos/a.82276712249.79698.21289227249/10155164765147250/?type=3,2017-03-29 04:19:04,326,29,101,321,5,0,0,0,0,FDP
21289227249_10155164531522250,,FDP's cover photo,photo,https://www.facebook.com/FDP/photos/a.10150649308442250.418226.21289227249/10155164531522250/?type=3,2017-03-29 01:38:13,349,8,9,338,9,1,0,0,1,FDP
21289227249_10155162571712250,"Der t√ºrkische Geheimdienst hatte dem BND eine Liste mit in Deutschland lebenden angeblichen G√ºlen-Anh√§ngern √ºberreicht, in der Hoffnung, der BND unterst√ºtze ihn bei der Bespitzelung. ""Wer seine eigenen Staatsb√ºrger, die nicht seiner politischen Auffassung sind, rundheraus als ‚ÄöTerroristen' bezeichnet und sich deshalb legitimiert sieht, sie auf fremdem Staatsgebiet auszuspionieren, muss in seine Schranken verwiesen werden"", stellt Wolfgang Kubicki f√ºr die Freien Demokraten klar.",Erdogan in seine Schranken weisen,link,https://www.liberale.de/content/erdogan-seine-schranken-weisen,2017-03-28 10:48:33,554,50,68,499,1,3,8,3,40,FDP
21289227249_10155161983462250,Alle Menschen sind vor dem Gesetz gleich. Eigentlich. F√ºr die Ehe von Schwulen und Lesben gilt das nicht. Dabei bef√ºrwortet eine deutliche Mehrheit der Deutschen die √ñffnung der Ehe. Nun muss endlich Kanzlerin Angela Merkel und ihre Union √ºberzeugt werden. #EheF√ºrAlle,Union muss den Widerstand aufgeben,link,https://www.liberale.de/content/union-muss-den-widerstand-aufgeben,2017-03-28 07:52:34,1135,108,83,1035,63,3,5,4,25,FDP
21289227249_10155161333537250,"Das Verh√§ltnis zwischen B√ºrger und Staat ist aus dem Gleichgewicht geraten. Wir wollen eine neue Balance statt die ma√ülose Umverteilung von Privat zu Staat. Ein Entlastungsvolumen von mindestens 30 Mrd. Euro ist angemessen. Wir wollen au√üerdem eine Belastungsgrenze f√ºr Steuern und Sozialabgaben im Grundgesetz festschreiben. Denn den B√ºrgern muss gen√ºgend von ihrem Einkommen bleiben, damit sie sich ihre W√ºnsche erf√ºllen und eine eigene Altersvorsorge leisten k√∂nnen. #PolitikDieRechnenKann",Timeline Photos,photo,https://www.facebook.com/FDP/photos/a.82276712249.79698.21289227249/10155161333537250/?type=3,2017-03-28 03:32:41,1145,87,184,1107,25,4,8,0,1,FDP
21289227249_10155158523792250,"Der t√ºrkische Pr√§sident Erdogan will eine Volksabstimmung √ºber den EU-Beitritt seines Landes. Eine leere Drohung, stellt Alexander Graf Lambsdorff klar. Denn faktisch sei die T√ºrkei bereits seit Langem kein Beitrittskandidat mehr.",T√ºrkei ist faktisch l√§ngst kein Beitrittskandidat mehr,link,https://www.liberale.de/content/tuerkei-ist-faktisch-laengst-kein-beitrittskandidat-mehr,2017-03-27 10:51:18,795,77,58,735,5,2,53,0,0,FDP
21289227249_10155158087957250,"Mehr Tablets, weniger Kreidetafeln: Unsere Kinder verdienen alle Chancen in der Welt von morgen. Deshalb wollen wir moderne Ausstattung in den Klassenzimmern, hervorragend ausgebildete Lehrkr√§fte und Programmieren als Schulfach.",Timeline Photos,photo,https://www.facebook.com/FDP/photos/a.82276712249.79698.21289227249/10155158087957250/?type=3,2017-03-27 08:39:32,535,64,57,525,2,0,3,1,4,FDP
21289227249_10155157252762250,"Im Saarland konnten wir unser Ergebnis von der letzten Landtagswahl verbessern, haben unser Ziel jedoch nicht erreicht. Trotzdem Dank und Respekt an unseren Spitzenkandidaten Oliver Luksic sowie an unsere Mitstreiter und W√§hler. Christian Lindner k√ºndigte an: ""Wir gehen gest√§rkt und mit Coolness in die n√§chsten Landtagswahlen.""",Werden uns weiter f√ºr das neue Saarland einsetzen,link,https://www.liberale.de/content/werden-uns-weiter-fuer-das-neue-saarland-einsetzen,2017-03-27 04:01:53,343,21,14,321,10,0,2,10,0,FDP
21289227249_10155154200477250,"Gut gek√§mpft, Oliver Luksic und FDP Saar - SaarLiberale!",FDP Saar - SaarLiberale,photo,https://www.facebook.com/fdpsaar/photos/a.190212237658122.49756.189006054445407/1489975304348469/?type=3,2017-03-26 11:27:16,503,75,0,448,4,1,8,41,1,FDP
21289227249_10155152242742250,"Heute wird im Saarland ein neuer Landtag gew√§hlt. Oliver Luksic und die FDP Saar - SaarLiberale k√§mpfen f√ºr weltbeste Bildung, schnelles Internet, flie√üenden Verkehr, echte Sicherheit durch mehr Polizisten und eine starke Wirtschaft f√ºr sichere Arbeitspl√§tze f√ºr #DasNeueSaarland.

Unterst√ºtze unsere Wahlk√§mpfer und teile ihren Aufruf!",FDP Saar - SaarLiberale,photo,https://www.facebook.com/fdpsaar/photos/a.190212237658122.49756.189006054445407/1489975707681762/?type=3,2017-03-26 03:23:20,385,26,0,337,4,0,44,0,0,FDP
21289227249_10155000629352250,,FDP's cover photo,photo,https://www.facebook.com/FDP/photos/a.10150649308442250.418226.21289227249/10155000629352250/?type=3,2017-03-25 14:55:18,681,14,28,664,16,1,0,0,0,FDP
21289227249_10154885798482250,,FDP,photo,https://www.facebook.com/FDP/photos/a.435432637249.238870.21289227249/10154885798482250/?type=3,2017-03-25 14:54:44,343,2,9,339,2,0,2,0,0,FDP
21289227249_10155148401732250,"60 Jahre nach Unterzeichnung der r√∂mischen Vertr√§ge, die den Grundstein f√ºr die heutige EU gelegt haben, steht die EU vor gewaltigen Herausforderungen. ""Wir m√ºssen mutige Schritte in eine gemeinsame Zukunft wagen, um sicherzustellen, dass die EU am Ende gest√§rkt aus diesen Krisen hervorgeht"", so EP-Vice Alexander Graf Lambsdorff. #EU60","Happy Birthday, EU",link,https://www.liberale.de/content/happy-birthday-eu,2017-03-25 10:10:00,275,11,25,264,9,0,0,1,1,FDP
21289227249_10155148583352250,"Europa hat eine Zukunft. K√§mpfen wir daf√ºr, dass es eine bessere wird. #MarchForEurope2017",Timeline Photos,photo,https://www.facebook.com/FDP/photos/a.82276712249.79698.21289227249/10155148583352250/?type=3,2017-03-25 06:36:20,801,39,84,751,44,1,3,0,2,FDP
21289227249_10155148354012250,Wolfgang Kubicki und die FDP Schleswig-Holstein starten in den Wahlkampf (Y)  #dasbestef√ºrsh,FDP Schleswig-Holstein,photo,https://www.facebook.com/fdp.schleswigholstein/photos/a.264290566950978.72922.164131966966839/1339533139426710/?type=3,2017-03-25 05:10:38,249,20,0,239,5,1,4,0,0,FDP
21289227249_10155144496337250,Wir haben uns gefragt: Warum bekommt man von Politikern so selten eine schnelle und klare Antwort? Direkt. Mit einem Klick. Unsere L√∂sung: #FDPShots. Wie es funktioniert? Tweete einen Begriff an @FDPShots und erhalte sofort unseren Standpunkt dazu. Unkompliziert und schnell.,@FDPShots,video,https://www.facebook.com/FDP/videos/10155144496337250/,2017-03-24 07:16:31,500,29,260,475,20,4,1,0,0,FDP
21289227249_10155144128132250,"Am Sonntag hat das Saarland die Wahl und die FDP Saar - SaarLiberale hat klar gemacht, warum sie in der Landespolitik gebraucht wird. Spitzenkandidat Oliver Luksic, FDP-Chef Christian Lindner, FDP-Vize Katja Suding und RLP-Wirtschaftsminister Volker Wissing warben vor vollbesetztem Haus f√ºr mutige und optimistische Politik und #DasNeueSaarland.",Am Sonntag beginnt die Zukunft des Saarlands,link,https://www.liberale.de/content/am-sonntag-beginnt-die-zukunft-des-saarlands,2017-03-24 04:57:38,133,5,16,129,4,0,0,0,0,FDP
21289227249_10155141699507250,"Heute LIVE: Oliver Luksic, Katja Suding, Volker Wissing und Christian Lindner.",FDP Saar - SaarLiberale,video,https://www.facebook.com/fdpsaar/videos/1488184021194264/,2017-03-23 13:25:31,116,4,0,113,2,0,0,0,1,FDP
21289227249_10155141304887250,"Verkehrsminister Alexander Dobrindt,MdB will grenznahen Regionen bei der Maut nicht entgegenkommen. Schade, CDU-Landesmutter Annegret Kramp-Karrenbauer war zu schwach, um sich gegen Dobrindt durchsetzen. ""Das Saarland hat diese Chance verpasst, trotz gro√üer Ank√ºndigungen"", so Oliver Luksic.",PKW-Maut: Politische Ohrfeige f√ºr Saarlands Regierung,link,https://www.liberale.de/content/pkw-maut-politische-ohrfeige-fuer-saarlands-regierung,2017-03-23 11:17:32,94,19,9,82,0,0,1,5,6,FDP
21289227249_10155140635592250,"SPD-Chef Martin Schulz arbeitet mit falschen Fakten, um das Bild eines ungerechten Deutschlands zu zeichnen. Das ist die falsche Strategie. Christian Lindner fordert, dass stattdessen endlich √ºber Wettbewerbsf√§higkeit, Bildung und Investitionshemmnisse gesprochen werden m√ºsse. ""Wir stellen die Frage, wovon wir morgen leben wollen.""",Schulz verkennt die echten Probleme,link,https://www.liberale.de/content/schulz-verkennt-die-echten-probleme,2017-03-23 07:35:28,861,35,112,847,7,1,4,0,2,FDP
21289227249_10155140220837250,"Die FDP Saar - SaarLiberale ist im Endspurt! Am Sonntag geht es um den Wiedereinzug in den Landtag. ""Wir sind die mit den mutigen L√∂sungsans√§tzen. Zudem verhindert unser Einzug in den saarl√§ndischen Landtag eine fortschrittsfeindliche und r√ºckw√§rtsgewandte rot-rote Koalition"", macht Spitzenkandidat Oliver Luksic deutlich.",Saarland darf keine DDR light werden,link,https://www.liberale.de/content/saarland-darf-keine-ddr-light-werden,2017-03-23 05:16:05,246,12,18,243,1,0,2,0,0,FDP
21289227249_10155137844232250,Unsere Gedanken sind bei den Familien und den Freunden der Opfer. #Londonattack,FDP,photo,https://www.facebook.com/FDP/photos/a.435432637249.238870.21289227249/10155137844232250/?type=3,2017-03-22 13:58:18,458,12,49,330,3,1,1,117,6,FDP
21289227249_10155137842437250,Unsere Gedanken sind bei den Familien und den Freunden der Opfer. #Londonattack,FDP's cover photo,photo,https://www.facebook.com/FDP/photos/a.10150649308442250.418226.21289227249/10155137842437250/?type=3,2017-03-22 13:57:52,135,3,19,84,0,1,0,49,1,FDP
21289227249_193115784515377,"Alles rund um den 68. ord. BPT: www.fdp.de/bpt2017

Anmeldung zum BPT: https://ssl.fdp.de/anmeldung_bpt/

Tagesordnung: https://www.fdp.de/content/vorlaeufige-tagesordnung-0

Organisatorisches: https://www.fdp.de/content/68-ord-bpt-organisatorische-hinweise

R√ºckfragen vor dem Bundesparteitag: info@fdp.de",68.Ord. Bundesparteitag,event,https://www.facebook.com/events/193115784515377/,2017-03-22 11:58:42,47,0,0,44,3,0,0,0,0,FDP
21289227249_10155137005052250,,Christian Lindner,link,http://www.spiegel.de/politik/deutschland/fdp-christian-lindner-setzt-sich-von-angela-merkel-ab-interview-a-1139883.html,2017-03-22 10:06:19,381,12,0,375,4,0,2,0,0,FDP
21289227249_10155135898172250,"Die t√ºrkische AKP plant vor dem Referendum keine Wahlkampfauftritte in Deutschland mehr. Eine gute Nachricht. Das ist jedoch nicht der Verdienst der Bundesregierung. ""Dass Deutschland nicht mit einer Stimme gesprochen hat, ist in au√üenpolitischen Fragen v√∂llig inakzeptabel"", so Christian Lindner.",Autokrat vom Bosporus braucht klare Ansprache,link,https://www.liberale.de/content/autokrat-vom-bosporus-braucht-klare-ansprache,2017-03-22 04:10:52,292,22,30,286,1,0,2,1,2,FDP
21289227249_10155133132952250,"Berlin will #Tegel: Die FDP Berlin hat mit einem beeindruckenden Schlussspurt die erforderlichen Unterschriften f√ºr einen Volksentscheid gesammelt. ""Es ist ein Riesen-Standortvorteil f√ºr die Stadt, einen city-nahen Flughafen zu haben, der noch dazu funktioniert"", so Sebastian Czaja. #Tegelretter",Tegel-Volksentscheid k√∂nnte bald abheben,link,https://www.liberale.de/content/tegel-volksentscheid-koennte-bald-abheben,2017-03-21 11:29:55,411,19,22,402,7,0,2,0,0,FDP
21289227249_10155132544312250,Hans-Dietrich Genscher hatte stets Mut zu neuem Denken und verk√∂rperte die Werte der Freien Demokraten wie kaum ein anderer. Wir gedenken unseres ehemaligen Bundesvorsitzenden und langj√§hrigen Au√üenminister. Sein Verm√§chtnis lebt in der FDP fort.,Timeline Photos,photo,https://www.facebook.com/FDP/photos/a.82276712249.79698.21289227249/10155132544312250/?type=3,2017-03-21 07:53:50,409,18,76,389,13,1,0,6,0,FDP
21289227249_10155130123472250,Eine schnelle und klare Antwort. Direkt. Mit einem Klick. Ab morgen machen wir das m√∂glich. #fdpshots,Timeline Photos,photo,https://www.facebook.com/FDP/photos/a.82276712249.79698.21289227249/10155130123472250/?type=3,2017-03-20 14:04:55,85,9,19,79,6,0,0,0,0,FDP
21289227249_10155129221507250,"Endspurt im Saarland: Beim Aktionstag und beim Sonderparteitag stellte sich Spitzenkandidat Oliver Luksic gegen Rot-Rot: ""Wir zeigen, dass es einen Unterschied macht, ob die FDP in den Landtag kommt oder ob Rot-Rot regieren wird."" #DasNeueSaarland",FDP Saar im Endspurt zur Landtagswahl,link,https://www.liberale.de/content/fdp-saar-im-endspurt-zur-landtagswahl,2017-03-20 09:13:07,255,10,13,247,5,1,2,0,0,FDP
21289227249_10155128567322250,"Martin Schulz inszeniert sich als Heilsbringer. Von ihm hat die Mitte der Gesellschaft aber nichts zu erwarten ""au√üer der alten, linken Leier"", warnt Christian Lindner. Sp√ºrbare Entlastungen lehnt Schulz ab. Dabei w√§re die Abschaffung des Soli und der kalten Progression das Mindeste, was die Menschen verdient haben.",Schulz hat kein Verst√§ndnis f√ºr die Lebensrealit√§t der Mitte,link,https://www.liberale.de/content/schulz-hat-kein-verstaendnis-fuer-die-lebensrealitaet-der-mitte,2017-03-20 05:05:47,1825,165,289,1725,3,2,7,19,69,FDP
21289227249_10155126081937250,"Menschen wollen Antworten auf ihre Fragen. Wir sorgen daf√ºr, dass es nicht zu kompliziert ist, eine zu bekommen. #fdpshots",Timeline Photos,photo,https://www.facebook.com/FDP/photos/a.82276712249.79698.21289227249/10155126081937250/?type=3,2017-03-19 13:25:55,104,13,17,103,0,1,0,0,0,FDP
21289227249_10155125172352250,"Martin Schulz ist nun auch offiziell Chef und Kanzlerkandidat der SPD. W√§hrend er den Menschen staatliche Dauerversorgung verspricht, wollen wir ihnen ein selbstbestimmtes Leben auf eigenen Beinen erm√∂glichen. #GermanMut",Timeline Photos,photo,https://www.facebook.com/FDP/photos/a.82276712249.79698.21289227249/10155125172352250/?type=3,2017-03-19 10:04:42,1132,75,213,1103,13,2,7,4,3,FDP
21289227249_10155122243907250,"Heute scheidet Joachim Gauck aus dem Amt. Wir bedanken uns bei unserem Bundespr√§sidenten, der sich voller Leidenschaft f√ºr Deutschland und die Freiheit engagiert hat. Er hat dem Amt die W√ºrde zur√ºckgegeben und sich nicht gescheut, klare Positionen zu beziehen.",Timeline Photos,photo,https://www.facebook.com/FDP/photos/a.82276712249.79698.21289227249/10155122243907250/?type=3,2017-03-18 12:59:13,1148,61,88,1092,23,2,8,19,4,FDP
21289227249_10155121293127250,Live vom Aktionstag in Saarbr√ºcken,,video,https://www.facebook.com/FDP/videos/10155121293127250/,2017-03-18 07:26:49,207,89,43,193,9,3,2,0,0,FDP
21289227249_10155120785692250,"Guido Westerwelle hat das Leben geliebt, deshalb hat er so gegen seine heimt√ºckische Krankheit gek√§mpft. Wir behalten ihn in Erinnerung als einen gro√üen K√§mpfer, durch den die Stimme des Liberalismus un√ºberh√∂rbar war, und dessen Streben nach Eigenst√§ndigkeit die FDP auf Dauer weiter pr√§gen wird.",Timeline Photos,photo,https://www.facebook.com/FDP/photos/a.82276712249.79698.21289227249/10155120785692250/?type=3,2017-03-18 03:36:17,2183,55,244,1863,64,0,0,255,1,FDP
21289227249_10155118062897250,Am 17. M√§rz ist jeder ein Ire - in diesem Sinne w√ºnschen wir euch einen #HappyStPatricksDay. Sl√°inte!,Timeline Photos,photo,https://www.facebook.com/FDP/photos/a.82276712249.79698.21289227249/10155118062897250/?type=3,2017-03-17 09:34:30,103,4,2,101,2,0,0,0,0,FDP
21289227249_10155117541092250,"Die T√ºrkei hat sich von westlichen Werten verabschiedet. Statt weiter vor Erdogan zu kuschen, sollte die Bundesregierung endlich klare Kante zeigen. Wir fordern, die EU-Beitrittsverhandlungen zu beenden und Wahlkampfveranstaltungen in Deutschland zu unterbinden.",Kein Kuschen mehr vor Erdogan,link,https://www.liberale.de/content/kein-kuschen-mehr-vor-erdogan,2017-03-17 06:11:54,1256,69,234,1237,8,1,1,0,9,FDP
21289227249_10155114532392250,"US-Pr√§sident Donald J. Trump m√∂chte die Wirtschaft seines Landes abschotten und droht uns mit Strafz√∂llen. H√∂chste Zeit, dass Bundeskanzlerin Merkel endlich mit ihm ins Gespr√§ch kommt. Wir erwarten deutliche Worte zu #Freihandel, #Rechtsstaat und #Demokratie. Unser Vorschlag f√ºr ein Gastgeschenk:",Timeline Photos,photo,https://www.facebook.com/FDP/photos/a.82276712249.79698.21289227249/10155114532392250/?type=3,2017-03-17 02:56:00,434,27,80,412,11,0,11,0,0,FDP
21289227249_10155114921972250,Am Montag haben wir Hans-Dietrich Genscher und sein politisches Erbe geehrt. Seitdem hei√üt unsere Parteizentrale Hans-Dietrich-Genscher-Haus. Hier einige Highlights aus Christian Lindners Rede #HDG,Highlights: Christian Lindner zu Hans-Dietrich Genscher,video,https://www.facebook.com/FDP/videos/10155114921972250/,2017-03-16 12:13:36,338,8,54,329,7,0,2,0,0,FDP
21289227249_10155113998302250,"In den Niederlanden hat Mark Rutte gezeigt, dass es ein Erfolgsrezept ist, sich Gegnern der Liberalit√§t entgegenzustellen und zugleich mutige Probleml√∂sung zu pr√§sentieren. Ein starkes Signal f√ºr die Freiheit! Wir k√§mpfen f√ºr moderne Wirtschaft, bessere Bildung und einen handlungsf√§higen Rechtsstaat.",Rutte hat Deutschland eine Lehre erteilt,link,https://www.liberale.de/content/rutte-hat-deutschland-eine-lehre-erteilt,2017-03-16 06:34:00,792,32,48,784,5,2,1,0,0,FDP
21289227249_10155113705987250,,FDP Saar - SaarLiberale,photo,https://www.facebook.com/fdpsaar/photos/a.190212237658122.49756.189006054445407/1481339621878704/?type=3,2017-03-16 04:32:21,896,45,0,709,14,3,168,1,1,FDP
21289227249_10155112025652250,,Christian Lindner,photo,https://www.facebook.com/lindner.christian/photos/a.180235568657688.54538.143504445664134/1631488256865738/?type=3,2017-03-15 15:18:00,1338,34,0,1312,23,0,3,0,0,FDP
21289227249_10155111139187250,"Heiko Maas will Facebook & Co. zur Kasse bitten, wenn Hasskommentare nicht rechtzeitig gel√∂scht werden. Das lenkt vom eigentlichen Problem ab: Die Beh√∂rden haben keine Kapazit√§ten, um allen F√§llen nachzugehen. Wolfgang Kubicki fordert: Mehr qualifiziertes Personal statt ministerieller PR-Kampagnen. #NetzErstRecht",Maas lenkt vom eigenen Versagen ab,link,https://www.liberale.de/content/maas-lenkt-vom-eigenen-versagen-ab,2017-03-15 10:22:28,197,21,18,190,1,1,4,0,1,FDP
21289227249_10155110696852250,,FDP Saar - SaarLiberale,photo,https://www.facebook.com/fdpsaar/photos/a.190212237658122.49756.189006054445407/1480326561980010/?type=3,2017-03-15 07:31:21,79,9,0,73,2,0,4,0,0,FDP
21289227249_10155110328477250,"Die Angriffe und Beschimpfungen des t√ºrkischen Pr√§sidenten nehmen kein Ende. Gleichzeitig werden westliche Werte mit F√º√üen getreten. Damit fehlt jegliche Grundlage f√ºr weitere EU-Beitrittsverhandlungen. Wir fordern, sie sofort zu beenden.",Beitrittsgespr√§che zwischen EU und T√ºrkei beenden,link,https://www.liberale.de/content/beitrittsgespraeche-zwischen-eu-und-tuerkei-sofort-beenden,2017-03-15 04:44:29,1245,45,122,1216,15,2,1,1,10,FDP
21289227249_10155107867867250,"Christian Lindner fordert bei N24, dass die Bundesregierung endlich ihre falsche Zur√ºckhaltung gegen√ºber Recep Tayyip Erdoƒüan aufgeben m√ºsse.",Lindner: Klares Nein zu Wahlkampfauftritten t√ºrkischer Regierungsmitglieder,video,http://weltn24sfthumb-a.akamaihd.net/2017/03/14/20170314-093837_ONL_MAZ_Talk_Lindner_zu_Trkei_oL/20170314-093837_ONL_MAZ_Talk_Lindner_zu_Trkei_oL_2000.mp4,2017-03-14 08:28:30,1717,67,255,1673,30,9,1,1,3,FDP
21289227249_10155107320867250,Eine kuriose Koalition aus Linken und Union will im Europ√§ischen Parlament das Waffenrecht versch√§rfen. Wir halten das f√ºr ein Ablenkungsman√∂ver. F√ºr mehr Sicherheit brauchen wir mehr Polizisten.,Timeline Photos,photo,https://www.facebook.com/FDP/photos/a.82276712249.79698.21289227249/10155107320867250/?type=3,2017-03-14 04:43:41,3066,230,2033,2979,45,5,32,0,5,FDP
21289227249_10155107169492250,,FDP's cover photo,photo,https://www.facebook.com/FDP/photos/a.10150649308442250.418226.21289227249/10155107169492250/?type=3,2017-03-14 02:55:28,267,6,28,257,10,0,0,0,0,FDP
21289227249_10155105445157250,"In den Niederlanden werden t√ºrkische Wahlkampfauftritte verboten. Die deutsche Bundesregierung eiert jedoch herum. Es entspricht nicht den Standards einer wehrhaften Demokratie, wenn Freiheit missbraucht wird, um f√ºr die Aufhebung von Freiheit zu werben. Deswegen fordern wir ein klares Nein der Bundesregierung und der EU zu den Wahlkampfauftritten t√ºrkischer Regierungsmitglieder.",Im Streit mit Erdogan k√∂nnte Merkel von Rutte lernen,link,https://www.liberale.de/content/im-streit-mit-erdogan-koennte-merkel-von-rutte-lernen,2017-03-13 12:44:41,1460,109,166,1433,14,3,6,1,3,FDP
21289227249_10155105127417250,Ab heute hei√üt der Sitz der Bundesgesch√§ftsstelle der Freien Demokraten Hans-Dietrich-Genscher-Haus #HDGH,"Instagram post by Freie Demokraten ‚Ä¢ Mar 13, 2017 at 3:06pm UTC",video,https://www.instagram.com/p/BRlS2F7hPx4/,2017-03-13 10:09:15,150,6,3,145,5,0,0,0,0,FDP
21289227249_10155104934047250,Feierstunde in Gedenken an Hans-Dietrich Genscher #HDGH,,video,https://www.facebook.com/FDP/videos/10155104934047250/,2017-03-13 08:35:10,269,20,62,245,16,0,1,7,0,FDP
21289227249_10155068816417250,"#R√ºckblick: Am 17. Mai 1992 geht eine gro√üe politische Reise zu Ende. Genscher tritt aus freien StuÃàcken zuruÃàck. Ein mutiger Schritt: Schlie√ülich gibt er eines der einflussreichsten AÃàmter Europas auf. Sein sehnlichstes Ziel, die Wiedervereinigung Deutschlands, ist erreicht. #GermanMut #HDG",Timeline Photos,photo,https://www.facebook.com/FDP/photos/a.82276712249.79698.21289227249/10155068816417250/?type=3,2017-03-13 03:55:38,103,4,8,98,5,0,0,0,0,FDP
21289227249_10155101139967250,"In Deutschland leben nicht nur Superreiche und Bed√ºrftige. Wir haben auch eine breite Mittelschicht, die entlastet werden muss. Martin Schulz stellt die Gerechtigkeitsfrage neu und trifft damit bei vielen einen Nerv. Allerdings geben wir andere Antworten. Schulz will die Mitte mit h√∂heren Steuern und Abgaben belasten. Wir wollen die Steuern senken und den Soli beenden. Und zwar nicht nur f√ºr die Friseurin, sondern auch f√ºr den Facharbeiter bei BMW. F√ºr alle Einkommen bis 50.000 Euro k√∂nnte der Soli sofort entfallen, bis er 2019 ausl√§uft. #PolitikDieRechnenKann",Timeline Photos,photo,https://www.facebook.com/FDP/photos/a.82276712249.79698.21289227249/10155101139967250/?type=3,2017-03-12 08:52:23,1771,102,224,1726,26,1,14,1,3,FDP
21289227249_10155100836757250,,Christian Lindner,link,http://www.bild.de/politik/ausland/umgangsformen/mit-erdogan-putin-trump-50804846.bild.html,2017-03-12 06:54:20,411,45,0,400,4,1,0,3,3,FDP
21289227249_10155068819487250,"#R√ºckblick: Der 3. Oktober 1990. Mauern, ZaÃàune, Grenzen. H.-D. Genscher wollte sie immer oÃàffnen. Die Erfolge bleiben im GedaÃàchtnis. Die RuÃàckschlaÃàge nicht. Aber es gab sie. Denn nicht jeder erste Schritt fuÃàhrte direkt zum Erfolg. Aber jeder erste Schritt war wichtig. Und Genscher war oft derjenige, der ihn wagte. #GermanMut #HDG",Timeline Photos,photo,https://www.facebook.com/FDP/photos/a.82276712249.79698.21289227249/10155068819487250/?type=3,2017-03-12 03:32:00,160,8,10,156,3,0,1,0,0,FDP
21289227249_10155095527242250,"#SeiDabei: F√ºr Sie sind Stubbi und Schwenker Fremdw√∂rter? Das k√∂nnen wir √§ndern: bei unserem liberalen Aktionstag! 

Seinen Sie Teil des Erfolgs! Unsere Wahlk√§mpfer um Oliver Luksic und die FDP Saar - SaarLiberale freuen sich √ºber Ihre tatkr√§ftige Unterst√ºtzung. Die erfolgreichen Aktionstage in Hamburg, Bremen, Magdeburg und zuletzt in Schwerin haben gezeigt, was gemeinsam m√∂glich ist. F√ºr Ihr leibliches Wohl ist mit Schwenkern gesorgt ;)",Bundesweiter Aktionstag,event,https://www.facebook.com/events/1808908476100511/,2017-03-11 05:45:01,38,2,0,38,0,0,0,0,0,FDP
21289227249_10155068814422250,"#R√ºckblick: Am 12. September 1990 wird entgegen aller Skepsis der 2+4-Vertrag abgeschlossen, in dem ein vereintes Deutschland anerkannt wird. FuÃàr die BRD unterschreibt Hans-Dietrich Genscher. Die Basis fuÃàr die Einheit ist gelegt. #GermanMut #HDG",Timeline Photos,photo,https://www.facebook.com/FDP/photos/a.82276712249.79698.21289227249/10155068814422250/?type=3,2017-03-11 03:26:00,168,11,10,157,9,2,0,0,0,FDP
21289227249_10155068757297250,#R√ºckblick: Am 23. Dezember 1989 durchtrennen Hans-Dietrich Genscher und sein tschechischer Amtskollege Jiri Dienstbier ausgestattet mit einem Bolzenschneider den Eisernen Vorhang am tschechoslowakisch-deutschen GrenzuÃàbergang Waidhaus/Rozvadov. #GermanMut #HDG,Timeline Photos,photo,https://www.facebook.com/FDP/photos/a.82276712249.79698.21289227249/10155068757297250/?type=3,2017-03-10 11:30:47,127,4,8,124,2,1,0,0,0,FDP
21289227249_10155092378302250,Auch in den Niederlanden wollen t√ºrkische Regierungsmitglieder Wahlkampf machen. Die Niederl√§ndische Regierung untersagte jetzt dem t√ºrkischen Au√üenminister seinen Auftritt in Rotterdam. Wir begr√º√üen diese Vorgehensweise des liberalen Regierungschefs Mark Rutte.,Niederlande empfangen t√ºrkischen Au√üenminister nicht,link,http://www.zeit.de/politik/ausland/2017-03/tuerkei-niederlande-wahlkampf-praesidialsystem-mevluet-avu-o-lu,2017-03-10 05:43:45,3483,198,589,3391,60,21,9,0,2,FDP
21289227249_10155068764602250,"#R√ºckblick: Der 21. November 1989. PersoÃànliche GespraÃàche praÃàgten die ""Methode Genscher"". Um jemanden von der Idee ""Deutsche Einheit"" zu begeistern, scheute er keinen Flug: Kurz nach Mauerfall reist er mit einem StuÃàck Berliner Mauer in die USA. Und kehrt mit der vollen UnterstuÃàtzung des US-PraÃàsidenten fuÃàr eine deutsche Einheit zuruÃàck. #GermanMut #HDG",Timeline Photos,photo,https://www.facebook.com/FDP/photos/a.82276712249.79698.21289227249/10155068764602250/?type=3,2017-03-09 12:25:24,114,5,8,109,2,1,1,0,1,FDP
21289227249_10155089538142250,"Polizei und Bundeswehr haben eine gemeinsame Anti-Terror-√úbung abgehalten. Das ist ein falsches Signal! Statt Soldaten f√ºr die Innere Sicherheit einzuspannen, m√ºssen die L√§nder f√ºr mehr Personal und bessere Ausstattung bei der Polizei sorgen. #GETEX",Timeline Photos,photo,https://www.facebook.com/FDP/photos/a.82276712249.79698.21289227249/10155089538142250/?type=3,2017-03-09 10:18:56,683,56,105,671,1,1,1,0,9,FDP
21289227249_10155088627272250,,FDP Rheinland-Pfalz,link,http://www.swr.de/swraktuell/rp/zur-sache-politrend-spd-klettert-auf-40-prozent-schulz-effekt/-/id=1682/did=19149642/nid=1682/fzr5fy/,2017-03-09 06:22:47,117,17,0,108,1,1,3,3,1,FDP
21289227249_10155088103252250,"Die B√úNDNIS 90/DIE GR√úNEN blockieren, dass Algerien, Tunesien und Marokko zu sicheren Herkunftsstaaten erkl√§rt werden. F√ºr Christian Lindner ist das nicht nachvollziehbar: Urlaub ist dort m√∂glich, eine Heimkehr f√ºr abgelehnte Asylbewerber nicht. Wir fordern: Die Maghrebstaaten m√ºssen sichere Herkunftsl√§nder werden.",Gr√ºne blockieren Anerkennung sicherer Herkunftsl√§nder,link,https://www.liberale.de/content/gruene-blockieren-anerkennung-sicherer-herkunftslaender,2017-03-09 04:05:33,1358,127,198,1217,5,11,3,2,120,FDP
21289227249_10155068810962250,"#R√ºckblick: Am 30. September 1989 reist Hans-Dietrich Genscher trotz Herzinfarktes nach Prag. Vom Balkon der deutschen Botschaft verkuÃàndet er den DDR-FluÃàchtlingen: ""Wir sind zu Ihnen gekommen, um Ihnen mitzuteilen, dass heute Ihre Ausreise..."" Der Rest geht im Jubel unter. #GermanMut #HDG",Timeline Photos,photo,https://www.facebook.com/FDP/photos/a.82276712249.79698.21289227249/10155068810962250/?type=3,2017-03-08 11:24:00,284,11,14,262,20,1,1,0,0,FDP
21289227249_10155084921417250,"#WeltFrauenTag: Frauen werden in unserer Gesellschaft noch immer benachteiligt. Deshalb k√§mpfen wir f√ºr volle Gleichberechtigung und bessere Chancen. Wir fordern eine bessere Vereinbarkeit von Familie und Beruf, durch umfangreiche Betreuungsangebote und mehr Flexibilit√§t bei der Arbeitszeitgestaltung.",Timeline Photos,photo,https://www.facebook.com/FDP/photos/a.82276712249.79698.21289227249/10155084921417250/?type=3,2017-03-08 07:27:33,710,33,66,701,8,1,0,0,0,FDP
21289227249_10155084421832250,"Martin Schulz will die Wirtschaftspolitik Frankreichs nach Deutschland holen. Keine gute Idee, denn die franz√∂sische Wirtschaft liegt mittlerweile in Tr√ºmmern. Die Freien Demokraten bestehen darauf, die Prinzipien der Sozialen Marktwirtschaft zu achten: Erst erwirtschaften, dann verteilen. #PolitikDieRechnenKann",Timeline Photos,photo,https://www.facebook.com/FDP/photos/a.82276712249.79698.21289227249/10155084421832250/?type=3,2017-03-08 04:24:39,3768,209,502,3696,30,3,26,2,11,FDP
21289227249_10155068753847250,"#R√ºckblick: Am 1. September 1989 erh√§lt Hans-Dietrich Genscher als erster deutscher Politiker Superhelden-Status: ""Genschman"" ist geboren. Damit wuÃàrdigt die Satire-Zeitschrift ""Titanic"" den populaÃàren Politiker auf ihre ganz spezielle Weise. #GermanMut #HDG",Timeline Photos,photo,https://www.facebook.com/FDP/photos/a.82276712249.79698.21289227249/10155068753847250/?type=3,2017-03-07 11:27:42,187,5,12,176,4,1,6,0,0,FDP
21289227249_10155081882807250,"Die SPD will k√ºnftig bis zu 48 Monate ALG I zahlen. Das ist ein wahltaktischer Griff in die Sozialkasse, findet Christian Lindner. Die Freien Demokraten fordern stattdessen mehr Engagement f√ºr Bildung und Weiterbildung. #WeltbesteBildung",Schulz h√§lt die Menschen vom Arbeitsmarkt fern,link,https://www.liberale.de/content/schulz-haelt-die-menschen-vom-arbeitsmarkt-fern,2017-03-07 08:58:55,907,68,105,885,8,2,1,7,4,FDP
21289227249_10155081167592250,"Die Frage nach der richtigen Ern√§hrung ist hei√ü umk√§mpft. Wir sind √ºberzeugt, dass ihr die echten Experten f√ºr eure Ern√§hrung seid und nicht der Staat. Also: Guten Appetit, egal was ihr essen wollt. #TagDerGesundenErn√§hrung",Timeline Photos,photo,https://www.facebook.com/FDP/photos/a.82276712249.79698.21289227249/10155081167592250/?type=3,2017-03-07 05:28:38,561,48,100,532,22,1,5,0,1,FDP
21289227249_10155078426522250,"‚ÄûDie Unversch√§mtheiten, die sich Recep Tayyip Erdoƒüan und die t√ºrkischen Regierungsmitglieder leisten, zwingen schon aus Gr√ºnden der Selbstachtung dazu, Amtstr√§gern aus der T√ºrkei bis auf Weiteres keine Einreiseerlaubnis f√ºr Deutschland zu erteilen"", so Wolfgang Kubicki.",Timeline Photos,photo,https://www.facebook.com/FDP/photos/a.82276712249.79698.21289227249/10155078426522250/?type=3,2017-03-06 08:28:29,2432,217,550,2397,17,3,12,0,3,FDP
21289227249_10155068749822250,"#R√ºckblick: Am 1. Februar 1987 beim Weltwirtschaftsforum in Davos: Gegen die Stimmung weltweiten Misstrauens glaubt Genscher an ""Perestroika"" und ""Glasnost"". Er fordert: ""Nehmt Gorbatschow ernst, nehmt ihn beim Wort."" #GermanMut #HDG",Timeline Photos,photo,https://www.facebook.com/FDP/photos/a.82276712249.79698.21289227249/10155068749822250/?type=3,2017-03-06 04:43:53,154,4,12,152,0,1,1,0,0,FDP
21289227249_10155068701387250,"#R√ºckblick: Am 1. August 1975 unterzeichnen 35 Staaten die KSZE-Schlussakte: Bis zuletzt will die Sowjetunion die UnveraÃànderbarkeit der deutsch-deutschen Grenze. Doch Genscher schafft es, dass eine ‚Äûfriedliche VeraÃànderung der Grenzen in Europa"" moÃàglich bleibt ‚Äì und damit die Einheit. #GermanMut #HDG",Timeline Photos,photo,https://www.facebook.com/FDP/photos/a.82276712249.79698.21289227249/10155068701387250/?type=3,2017-03-05 03:18:01,252,10,28,245,7,0,0,0,0,FDP
21289227249_10155072147542250,"J√ºrgen Hambrecht: ""Das Erfolgsmodell der sozialen Marktwirtschaft braucht wieder eine Stimme in der Politik. Es herrscht zunehmend eine Versorgungsmentalit√§t, die Wettbewerbsf√§higkeit des Standorts Deutschland ist akut gef√§hrdet."" Volker Wissing: ""Bund und L√§nder schwimmen derzeit im Geld. Wir wollen deshalb Soli und kalte Progression abschaffen. Wann, wenn nicht jetzt, ist diese Reform m√∂glich?""
#PolitikDieRechnenKann",Hambrecht: Regierung f√ºhrt B√ºrger an der Nase herum,link,https://www.welt.de/politik/deutschland/article162550409/Regierung-fuehrt-die-Buerger-an-der-Nase-herum.html,2017-03-04 08:26:58,293,12,46,289,0,2,2,0,0,FDP
21289227249_10155068699542250,"#R√ºckblick: Am 3. Juli 1974 macht Genscher dem US-Au√üenminister Kissinger ein ungewoÃàhnliches Geschenk: Einen seiner gelben Pullunder. Handgestrickt von seiner Mutter. Kissinger spaÃàter: ‚ÄûEr betrieb Politik nicht wie ein Untertan Amerikas. Das hat er sehr geschickt gemacht."" #GermanMut #HDG",,photo,https://www.facebook.com/FDP/photos/a.82276712249.79698.21289227249/10155068700352250/?type=3,2017-03-04 03:28:00,274,6,15,261,8,1,4,0,0,FDP
21289227249_10155069409697250,"Putin, Trump, Erdogan und Brexit kratzen auf unterschiedliche Weise an der Substanz Europas. FDP-Generalsekret√§rin Nicola Beer fordert: ""Es ist h√∂chste Zeit, gegen das Auseinanderdriften in der EU anzugehen.""",Europa muss Chancen ergreifen,link,https://www.liberale.de/content/europa-muss-chancen-ergreifen,2017-03-03 11:45:56,191,25,13,187,4,0,0,0,0,FDP
21289227249_10155068522997250,"Der ausufernde Wahlkampf-Tourismus t√ºrkischer Spitzenpolitiker ist nicht hinnehmbar. ""Wir m√ºssen es nicht widerspruchslos dulden, wenn in Deutschland f√ºr die Entdemokratisierung eines Landes und die Einf√ºhrung der Todesstrafe geworben werden soll"", findet Christian Lindner. Er fordert die Bundesregierung auf, t√ºrkischen Regierungsmitgliedern das Einreisevisum zu verweigern.",Vorl√§ufiger Einreise-Stopp √ºberf√§llig,link,https://www.liberale.de/content/vorlaeufiger-einreise-stopp-ueberfaellig,2017-03-03 06:30:31,1486,91,205,1453,9,1,1,0,22,FDP
21289227249_10155068230042250,"Wir w√ºnschen unserem Vize Wolfgang Kubicki zu seinem 65. Geburtstag alles Gute. Wir haben keinen Zweifel daran, dass es eine geile Party wird üòâ",Timeline Photos,photo,https://www.facebook.com/FDP/photos/a.82276712249.79698.21289227249/10155068230042250/?type=3,2017-03-03 04:23:28,873,40,59,855,15,0,3,0,0,FDP
21289227249_10155066488292250,"""Beinah t√§glich werden Auftritte t√ºrkischer Regierungsmitglieder in Deutschland bekannt. Wer jetzt noch von Auftritten von Privatpersonen spricht, verschlie√üt die Augen vor dieser systematischen t√ºrkischen Staatspropaganda auf deutschem Boden. Ich frage mich: Was macht eigentlich unsere Bundesregierung?"", so Christian Lindner.",Timeline Photos,photo,https://www.facebook.com/FDP/photos/a.82276712249.79698.21289227249/10155066488292250/?type=3,2017-03-02 13:25:40,1403,64,215,1376,12,2,0,1,12,FDP
21289227249_10155066201802250,"Das Wei√übuch der European Commission zur Zukunft der Europ√§ischen Union wirkt wie ein ""Sammelsurium, in dem sich alle Mitgliedstaaten mit all ihren Befindlichkeiten irgendwie wiederfinden sollen"", kritisiert Alexander Graf Lambsdorff. Er fordert konkrete Vorschl√§ge statt wolkiger Wei√üb√ºcher.",Timeline Photos,photo,https://www.facebook.com/FDP/photos/a.82276712249.79698.21289227249/10155066201802250/?type=3,2017-03-02 11:11:30,99,5,13,96,2,0,0,0,1,FDP
21289227249_10155065868127250,"Fast 65 Jahre und kein bisschen m√ºde: FDP-Vize Wolfgang Kubicki √ºber seinen morgigen Geburtstag, die Fallstricke des Rentensystems und seine Ziele f√ºr die Wahlen 2017.",Wir wollen st√§rker werden als die Gr√ºnen,link,https://www.liberale.de/content/wir-wollen-staerker-werden-als-die-gruenen,2017-03-02 08:03:05,664,60,40,647,15,1,1,0,0,FDP
21289227249_10155065458927250,"Nach drei Jahren steuerpolitischen Nichtstuns muss Angela Merkel endlich Farbe bekennen. Es ist ein Glaubw√ºrdigkeitstest, ob die Union den aktuellen Haushalts√ºberschuss nutzt, um den B√ºrgern, die den Wohlstand erarbeiten, endlich etwas zur√ºckzugeben, so Christian Lindner. #PolitikDieRechnenKann",Timeline Photos,photo,https://www.facebook.com/FDP/photos/a.82276712249.79698.21289227249/10155065458927250/?type=3,2017-03-02 04:18:00,1836,152,294,1785,23,2,19,2,5,FDP
21289227249_10155063634582250,Beim Politischen Aschermittwoch wird traditionell auf humorvolle Art gegen die Konkurrenz ausgeteilt. Christian Lindner kn√∂pfte sich in seiner Rede in #Dingolfing die Gro√üe Koalition vor. Am Einlullen von Merkel und der linken Rolle r√ºckw√§rts von Schulz lie√ü der FDP-Chef kein gutes Haar. #fdpAM17,Deutschland wacht aus der Narkose auf,link,https://www.liberale.de/content/deutschland-wacht-aus-der-narkose-auf,2017-03-01 12:00:38,468,16,43,461,3,0,4,0,0,FDP
21289227249_10155063053662250,"Die Freien Demokraten gewinnen deutlich an Zustimmung bei Unternehmern. Das ist das Ergebnis des Handelsblatt Business Monitors und ein Ausweis unserer Wirtschaftskompetenz. F√ºr uns ist klar: Wohlstand muss erst erwirtschaftet werden, bevor er verteilt werden kann.",Timeline Photos,photo,https://www.facebook.com/FDP/photos/a.82276712249.79698.21289227249/10155063053662250/?type=3,2017-03-01 07:15:11,1023,64,154,990,18,2,12,1,0,FDP
21289227249_10155062554402250,,Christian Lindner,link,http://www.tagesschau.de/multimedia/video/video-264511.html,2017-03-01 02:23:28,427,18,0,424,0,2,0,0,1,FDP
21289227249_10155060456547250,"Der Welt-Reporter Deniz Y√ºcel sitzt aufgrund absurder Vorw√ºrfe f√ºr unbestimmte Zeit in t√ºrkischer Untersuchungshaft. Das ist ein neuer Tiefpunkt f√ºr die Presse- und Meinungsfreiheit im Land. Wir fordern die Bundesregierung auf, sich f√ºr die Freilassung des deutsch-t√ºrkischen Journalisten einzusetzen. #FreeDeniz",Timeline Photos,photo,https://www.facebook.com/FDP/photos/a.82276712249.79698.21289227249/10155060456547250/?type=3,2017-02-28 09:07:59,1660,43,454,1611,13,1,3,21,11,FDP
21289227249_10155060002442250,"Deutschland darf nicht wieder zum kranken Mann Europas werden. Deshalb brauchen wir heute mutige Reformen und keine Rolle r√ºckw√§rts. Wir fordern mehr Investitionen in Bildung, Flexibilit√§t am Arbeitsmarkt und B√ºrokratieabbau. Unser Ziel: Das Land f√ºr die Zukunft stark machen.",Timeline Photos,photo,https://www.facebook.com/FDP/photos/a.82276712249.79698.21289227249/10155060002442250/?type=3,2017-02-28 04:53:45,1058,64,107,1031,11,2,11,2,1,FDP
21289227249_10155058251602250,"Der Mord an Boris Nemzow ist auch zwei Jahre nach der Tat nicht aufgekl√§rt. Am Todestag des russischen Oppositionellen weist Alexander Graf Lambsdorff dem #Kreml die politische Verantwortung zu und erinnert daran, dass ""Freiheit, Rechtsstaat und Demokratie keine Selbstverst√§ndlichkeiten sind, sie m√ºssen immer wieder verteidigt und t√§glich neu erk√§mpft werden"".",Boris Nemzow: Symbol eines anderen Russlands,link,https://www.liberale.de/content/boris-nemzow-symbol-eines-anderen-russlands,2017-02-27 11:43:22,162,6,24,138,0,0,0,20,4,FDP
21289227249_10155057475742250,"In diesem Jahr gibt die Bundesregierung fast 42 Prozent des Haushalts f√ºr Soziales aus. Martin Schulz ist das offenbar nicht genug. Wir halten es f√ºr unverantwortlich, angesichts von Rekordsteuereinnahmen nach noch mehr Umverteilung zu rufen. Unsere Forderung: Eine sp√ºrbare Entlastung der Mitte und Reformen f√ºr den Wohlstand von morgen.",Timeline Photos,photo,https://www.facebook.com/FDP/photos/a.82276712249.79698.21289227249/10155057475742250/?type=3,2017-02-27 05:07:24,1106,61,184,1082,7,9,3,2,3,FDP
21289227249_10155055072962250,"Die Jobsituation von √§lteren Menschen hat sich von 2003 bis 2016 deutlich verbessert. Deshalb muss nicht das Arbeitslosengeld verl√§ngert, sondern mehr in Bildung und Fortbildung investiert werden. Wir wollen √§lteren Arbeitnehmern Mut machen und sie im Erwerbsleben halten, denn sie werden gebraucht. #Agenda2010",Timeline Photos,photo,https://www.facebook.com/FDP/photos/a.82276712249.79698.21289227249/10155055072962250/?type=3,2017-02-26 07:42:18,539,72,45,509,9,2,13,4,2,FDP
21289227249_10155054628962250,"Deutschland braucht mehr Investitionen in Bildung, Digitales und Infrastruktur, mehr Flexibilit√§t am Arbeitsmarkt und bei den Arbeitszeiten und weniger B√ºrokratie. #Agenda2010
Du siehst das auch so? Dann werde jetzt Mitglied: www.fdp.de/mitgliedwerden",Timeline Photos,photo,https://www.facebook.com/FDP/photos/a.82276712249.79698.21289227249/10155054628962250/?type=3,2017-02-26 03:59:58,1053,57,162,1012,20,0,20,0,1,FDP
21289227249_10155051980847250,"Der weit √ºberwiegende Teil der Besch√§ftigten in Deutschland hat eine unbefristete Stelle. Die Lage ist also besser, als Martin Schulz behauptet. Befristete Stellen sind √ºbrigens meist ein Einstieg. Denn 74 Prozent werden √ºbernommen oder verl√§ngert. Deutschland braucht mehr Flexibilit√§t und nicht weniger. #Agenda2010",Timeline Photos,photo,https://www.facebook.com/FDP/photos/a.82276712249.79698.21289227249/10155051980847250/?type=3,2017-02-25 07:07:01,1039,90,151,1003,13,7,3,1,12,FDP
21289227249_10155051876122250,"""In Zeiten, in denen alles individueller, schneller und vernetzter wird, versuchen wir, jeden Einzelnen nach seinen W√ºnschen einzubinden und passgenaue Angebote zu machen"", so Nicola Beer. 

#JetztMitmachen: www.fdp.de/mitgliedwerden",Jeder Einzelne kann nach seiner Fa√ßon aktiv werden,link,https://www.liberale.de/content/jeder-einzelne-kann-nach-seiner-facon-aktiv-werden,2017-02-25 03:43:37,89,14,10,86,2,1,0,0,0,FDP
21289227249_10155049880472250,"Die Bundesregierung muss einen Wahlkampfauftritt des t√ºrkischen Pr√§sidenten #Erdogan in Deutschland verhindern. ""Wer Demokratie, Pressefreiheit und Menschenrechte derart mit F√º√üen tritt, dem d√ºrfen wir keine Plattform bieten"", unterstreicht Nicola Beer. Au√üerdem muss Berlin sich ""vehement daf√ºr einsetzen, dass der verhaftete Journalist Deniz Y√ºcel umgehend freigelassen wird."" #FreeDeniz",Bundesregierung muss Wahlkampfauftritt Erdogans unterbinden,link,https://www.liberale.de/content/bundesregierung-muss-wahlkampfauftritt-erdogans-unterbinden,2017-02-24 11:33:41,841,50,133,822,15,1,0,2,1,FDP
21289227249_10155049553602250,Die Agenda 2010 war ein Erfolg! Von 2005 bis 2016 hat sich die Zahl der Menschen ohne Arbeit fast halbiert. Deshalb wollen wir anders als Martin Schulz die Zeit nicht zur√ºckdrehen. Im Gegenteil: Der Erfolg verdient eine Neuauflage! Deutschland braucht eine Zukunftsagenda.,Timeline Photos,photo,https://www.facebook.com/FDP/photos/a.82276712249.79698.21289227249/10155049553602250/?type=3,2017-02-24 08:37:08,1314,237,193,1245,21,2,36,1,9,FDP
21289227249_10155047075397250,"Die Bearbeitung von Asylantr√§gen dauert immer l√§nger, das BAMF bekommt die Situation nicht in den Griff. Nicola Beer fordert deshalb eine umfassende Neuordnung des Asylverfahrens. N√∂tig ist auch ein Einwanderungsgesetz, ""das Zuwanderung aus wirtschaftlichen Gr√ºnden mit klaren Regeln steuert, statt hierf√ºr das Asylrecht zweckzuentfremden"", sagt sie.",Neuordnung des Asylverfahrens notwendig,link,https://www.liberale.de/content/neuordnung-des-asylverfahrens-notwendig,2017-02-23 11:53:10,313,25,51,305,7,1,0,0,0,FDP
21289227249_10155046776392250,"Die Finanzminister verzeichnen den gr√∂√üten Haushalts√ºberschuss seit der Wiedervereinigung, aber eine echte Entlastung ist nicht in Sicht. Volker Wissing appelliert an die Bundesregierung, endlich etwas f√ºr die Mitte zu tun. Der Abbau des Soli und die Beseitigung der kalten Progression sind nicht nur ein Gebot der Fairness, sondern auch das Gebot der Stunde.",Rekord√ºberschuss muss zu Entlastung der Mitte f√ºhren,link,https://www.liberale.de/content/rekordueberschuss-muss-zu-entlastung-der-mitte-fuehren,2017-02-23 09:10:36,534,32,98,519,8,2,1,1,3,FDP
21289227249_10155046378867250,"Die SPD will mit der H√∂he von Managergeh√§ltern Wahlkampf machen. Christian Lindner h√§lt nichts von diesem Aktionismus. Sein Vorschlag: ""Stattdessen sollten die Rechte der Hauptversammlung gest√§rkt werden, damit die Vertreter der Eigent√ºmer mehr Transparenz und Kontrolle √ºber die Verg√ºtung haben."" Schlie√ülich haben SPD-Politiker die Exzesse bei VW im Aufsichtsrat durchgewunken.",Timeline Photos,photo,https://www.facebook.com/FDP/photos/a.82276712249.79698.21289227249/10155046378867250/?type=3,2017-02-23 05:43:52,2537,170,248,2486,32,1,11,1,6,FDP
21289227249_10155044421842250,"Bundesfinanzminister Wolfgang Sch√§uble ist neuerdings gut auf Griechenland zu sprechen. F√ºr Alexander Graf Lambsdorff sind die Gr√ºnde daf√ºr offensichtlich: ""Sch√§uble redet Griechenland aus wahltaktischen Gr√ºnden sch√∂n."" Sein Urteil zur Rettungspolitik der Union: W√§hlert√§uschung!",Griechenland-Strategie der CDU ist gescheitert,link,https://www.liberale.de/content/griechenland-strategie-der-cdu-ist-gescheitert,2017-02-22 11:37:32,199,21,31,187,0,1,1,7,3,FDP
21289227249_10155044079227250,"Farbe bekennen f√ºr Freiheit und Fortschritt: Das geht ganz einfach. Mit Ihrer Plakatspende k√∂nnen Sie unsere Wahlk√§mpfer in Schleswig-Holstein, Nordrhein-Westfalen und dem Saarland direkt unterst√ºtzen. Sorgen Sie f√ºr liberale Politik von Saarbr√ºcken bis Kiel. fdp.123plakat.de/landtagswahl/",Timeline Photos,photo,https://www.facebook.com/FDP/photos/a.82276712249.79698.21289227249/10155044079227250/?type=3,2017-02-22 08:43:45,112,9,20,107,4,0,0,0,1,FDP
21289227249_10155043554537250,"Der SPD-Kanzlerkandidat Martin Schulz will die Agenda 2010 abwickeln. Christian Lindner h√§lt das f√ºr einen gro√üen Fehler, ""weil die Reformen unser Land wettbewerbsf√§higer und somit st√§rker gemacht haben"". Wir wollen den Arbeitsmarkt flexibler gestalten und den Menschen Mut machen, damit sie das Leben selbst in die Hand nehmen k√∂nnen.",Timeline Photos,photo,https://www.facebook.com/FDP/photos/a.82276712249.79698.21289227249/10155043554537250/?type=3,2017-02-22 04:17:33,941,80,99,916,8,2,13,1,1,FDP
21289227249_10155041679572250,"Bei Fl√ºchtlingen ist die Identit√§tsfeststellung unerl√§sslich. ""Grunds√§tzlich ist es aus rechtsstaatlicher Sicht tolerabel, auf Handydaten zur√ºckzugreifen"", stellt Wolfgang Kubicki klar. Die Bedingung: Alle anderen Ermittlungsm√∂glichkeiten m√ºssen zuerst ausgesch√∂pft und die Auswertung auf so wenige F√§lle wie m√∂glich beschr√§nkt sein.",Zugriff auf Handydaten nur als Ultima Ratio,link,https://www.liberale.de/content/zugriff-auf-handydaten-nur-als-ultima-ratio,2017-02-21 12:29:15,282,31,23,280,1,1,0,0,0,FDP
21289227249_10155041355802250,"Schulz, Nahles und Kraft glauben, sie w√ºrden f√ºr mehr Gerechtigkeit sorgen. Diesen Etikettenschwindel kritisierte Christian Lindner bei hart aber fair. Dabei prangerte er den steigenden Rentenversicherungsbeitrag und die von Rot-Gr√ºn in Nordrhein-Westfalen erh√∂hte Grunderwerbsteuer an. Kein Verst√§ndnis hatte Lindner daf√ºr, wie Schulz mit der Angst eines Arbeitnehmers vor einem Jobverlust umgeht. Sein Gegenvorschlag: Mut machen und in Weiterbildung investieren.",Die L√∂sung f√ºr mehr Gerechtigkeit hei√üt nicht SPD,link,https://www.liberale.de/content/die-loesung-fuer-mehr-gerechtigkeit-heisst-nicht-spd,2017-02-21 09:54:50,1249,66,156,1211,23,2,10,1,2,FDP
21289227249_10155040841582250,,Katja Suding,photo,https://www.facebook.com/suding/photos/a.350903441619519.78426.302158106494053/1303026863073834/?type=3,2017-02-21 05:00:29,112,9,0,108,4,0,0,0,0,FDP
21289227249_10155038955097250,"Wir Freien Demokraten lehnen weitere #Erdogan-Wahlkampfevents in Deutschland entschieden ab. ""Wenn es nicht anders geht, muss Bundesau√üenminister Sigmar Gabriel hierzu den t√ºrkischen Botschafter einbestellen"", fordert Alexander Graf Lambsdorff.

""Wir d√ºrfen nicht zulassen, dass die t√ºrkische Regierung sich einerseits hier in Deutschland auf unsere freiheitlichen Grundrechte beruft und andererseits zu Hause die Presse- und Versammlungsfreiheit massiv einschr√§nkt"", so Lambsdorff.",Deutschland darf nicht zur Werbefl√§che Erdogans werden,link,https://www.liberale.de/content/deutschland-darf-nicht-zur-werbeflaeche-erdogans-werden,2017-02-20 12:33:49,1987,95,452,1931,17,2,2,2,33,FDP
21289227249_10155038422332250,"Dem deutschen Arbeitsmarkt geht es gut. Christian Lindner warnt: ""Wer heute meint, nichts f√ºr unseren Wohlstand tun zu m√ºssen, hat l√§ngst begonnen, ihn zu verspielen."" Deutschland braucht Investitionen in die Zukunft und kein sozialdemokratisches Erntedankfest.",Timeline Photos,photo,https://www.facebook.com/FDP/photos/a.82276712249.79698.21289227249/10155038422332250/?type=3,2017-02-20 08:18:46,1385,96,200,1338,20,0,8,4,15,FDP
21289227249_10155038105597250,"US-Vizepr√§sident Mike Pence ist derzeit auf Werbetour in Europa. Und die Kanzlerin? Unterl√§sst immer noch eine Reise nach Washington. ""Es kann doch nicht sein, dass Politiker wie Theresa May und Nigel Farage Donald J. Trump die EU und die Weltpolitik erkl√§ren"", mahnt Alexander Graf Lambsdorff und fordert: ""Angela Merkel muss hinfahren.""",Wir wollen die liberale Weltordnung bewahren,link,https://www.liberale.de/content/wir-wollen-die-liberale-weltordnung-bewahren,2017-02-20 05:17:34,281,38,24,274,3,3,1,0,0,FDP
21289227249_10155034847552250,"Nicht nur f√ºr alle #Jecken und #Narren unbedingt sehenswert: 
Christian Lindner singt beim Aachener Karnevalsverein gegr. 1859 e.V.
Pr√§dikat: #GermanMut ;)",Christian Lindner,video,https://www.facebook.com/lindner.christian/videos/1595776513770246/,2017-02-19 03:43:22,447,41,0,406,19,1,21,0,0,FDP
21289227249_10155031929332250,"Wir sagen nicht, dass es ein einfach wird. Aber besser!
#JetztMitgliedWerden: www.fdp.de/mitgliedwerden",Timeline Photos,photo,https://www.facebook.com/FDP/photos/a.82276712249.79698.21289227249/10155031929332250/?type=3,2017-02-18 05:45:05,313,13,95,309,2,1,1,0,0,FDP
21289227249_10155029136217250,"In M√ºnchen dreht sich derzeit alles um die weltpolitische Lage und Fragen der Sicherheit. Wir sind √ºberzeugt, dass in Zeiten von Trump und Putin Europa mehr Verantwortung √ºbernehmen muss. Nur gemeinsam sind wir stark. #MSC2017",Timeline Photos,photo,https://www.facebook.com/FDP/photos/a.82276712249.79698.21289227249/10155029136217250/?type=3,2017-02-17 12:07:13,637,33,94,615,11,3,1,7,0,FDP
21289227249_10155028694232250,"Ein neues Gutachten des Wissenschaftlichen Dienstes des Bundestages h√§lt auch die nachgebesserte Pkw-Maut f√ºr rechtswidrig. Damit wird sie endg√ºltig zum Pleiten-, Pech- und Pannenprojekt. Oliver Luksic fordert, das Projekt abzublasen.",Maut muss endlich in der Versenkung landen,link,https://www.liberale.de/content/maut-muss-endlich-der-versenkung-landen,2017-02-17 09:52:22,381,41,59,358,8,1,12,0,2,FDP
21289227249_10155027948547250,"Deutschland braucht ein modernes Einwanderungsgesetz, das Ordnung schafft und klar zwischen Asylbewerbern und Zuwanderern unterscheidet. Das fordern nicht nur die Freien Demokraten, sondern auch Rita S√ºssmuth. Jetzt muss nur noch die Union ihre unverst√§ndliche Blockadehaltung aufgeben.",Timeline Photos,photo,https://www.facebook.com/FDP/photos/a.82276712249.79698.21289227249/10155027948547250/?type=3,2017-02-17 05:35:35,1019,47,161,987,11,1,18,0,2,FDP
21289227249_10155024915487250,"Deutschland muss mehr Geld f√ºr Verteidigung in die Hand nehmen und es vor allem sinnvoller ausgeben, fordert Alexander Graf Lambsdorff. Auch Hermann Otto Solms mahnt: Sich auf den milit√§rischen Schutz der USA zu verlassen, geht auf Dauer nicht.",Deutschland muss mehr Verantwortung √ºbernehmen,link,https://www.liberale.de/content/deutschland-muss-mehr-verantwortung-uebernehmen,2017-02-16 11:45:21,410,43,35,393,7,1,2,1,6,FDP
21289227249_10155024126672250,"Aufgepasst, Silicon Valley! Ab heute entsteht die Technik von morgen in #M√ºnchen. Wir hei√üen das neue IBM-Forschungszentrum f√ºr das Internet der Dinge willkommen und freuen uns auf k√ºnftige Innovationen! #WatsonIoT #IBMWatson",Timeline Photos,photo,https://www.facebook.com/FDP/photos/a.82276712249.79698.21289227249/10155024126672250/?type=3,2017-02-16 07:03:37,267,21,20,260,6,0,1,0,0,FDP
21289227249_10155023717762250,"Die Erdogan-Regierung darf Deutschland nicht als Werbeplattform f√ºr ihre Politik gegen Demokratie und Rechtsstaat nutzen. Die Freien Demokraten fordern die Bundesregierung auf, die geplante Rede des t√ºrkischen Ministerpr√§sidenten Yildirim in Oberhausen zu verhindern.",Timeline Photos,photo,https://www.facebook.com/FDP/photos/a.82276712249.79698.21289227249/10155023717762250/?type=3,2017-02-16 04:58:05,2939,132,1671,2854,31,4,3,1,46,FDP
21289227249_10155020227282250,"Der Streit √ºber das dritte Hilfsprogramm f√ºr Griechenland findet kein Ende. Christian Lindner kritisiert: ""Eine weitere H√§ngepartie ist weder Griechenland noch den Steuerzahlern zuzumuten."" Deshalb fordern die Freien Demokraten: Der #Grexit muss jetzt eingeleitet werden.",Timeline Photos,photo,https://www.facebook.com/FDP/photos/a.82276712249.79698.21289227249/10155020227282250/?type=3,2017-02-15 10:45:40,398,60,186,384,1,5,4,0,4,FDP
21289227249_10155019675137250,Klare Entscheidung f√ºr das Freihandelsabkommen #CETA im Europaparlament. Unsere Haltung ist unver√§ndert: Wir freuen uns auf Wachstum und Wohlstand in Europa. Abschottung ist der falsche Weg.,Timeline Photos,photo,https://www.facebook.com/FDP/photos/a.82276712249.79698.21289227249/10155019675137250/?type=3,2017-02-15 06:46:55,1308,68,170,1216,37,1,35,5,14,FDP
21289227249_10155019527957250,"Rot-gr√ºn regierte Bundesl√§nder und auch das Saarland wollen die Pfandpflicht auf Wein, Saft und Milch ausdehnen. Wir lehnen diese Forderungen ab. Volker Wissing unterstreicht: ""Eine weitere Durchpfandung des Alltags w√§re mehr Schikane als Umweltschutz.""","B√ºrger informieren, nicht mit Pfandpflicht schikanieren",link,https://www.liberale.de/content/buerger-informieren-nicht-mit-pfandpflicht-schikanieren,2017-02-15 05:25:52,794,87,99,731,8,6,3,1,45,FDP
21289227249_10155016876842250,"Kaum ist der Bundespr√§sident gew√§hlt, ist es mit dem Frieden in der Gro√üen Koalition vorbei. F√ºr die Freien Demokraten geht es nicht um Merkel oder Schulz, sondern um eine vern√ºnftige Politik f√ºr unser Land.",Vern√ºnftige Politik statt Streit-Koalition,link,https://www.liberale.de/content/vernuenftige-politik-statt-streit-koalition,2017-02-14 07:21:42,329,21,21,320,7,0,2,0,0,FDP
21289227249_10155016557462250,"Wenn Dein Herz f√ºr die Freiheit schl√§gt, w√§re heute der perfekte Tag, endlich unseren Antrag anzunehmen. ;) #Valentinstag

Ganz einfach unter: http://www.fdp.de/mitgliedwerden",Timeline Photos,photo,https://www.facebook.com/FDP/photos/a.82276712249.79698.21289227249/10155016557462250/?type=3,2017-02-14 04:44:03,447,44,171,404,30,1,12,0,0,FDP
21289227249_10155014421972250,"Unser TV-Tipp f√ºr heute Abend lautet ganz klar: Ein bisschen #Karneval feiern, und zwar mit musikalischer Einstimmung auf das Wahljahr. Christian Lindner singt! ;) Wider den tierischen Ernst, um 20:15 Uhr im Ersten:",Christian Lindner,video,https://www.facebook.com/lindner.christian/videos/1595776513770246/,2017-02-13 11:13:47,163,15,0,151,3,0,9,0,0,FDP
21289227249_10155014066827250,"Die #FDP h√§tte sich bei der Wahl mehr Wettbewerb gew√ºnscht, handele aber aus staatspolitischer Verantwortung, betonten Christian Lindner und Nicola Beer. Die Wahl Frank-Walter Steinmeiers sei jedoch ""kein Signal f√ºr den Wahlkampf"".",Wahl Steinmeiers ist Signal f√ºr die Einheit des Staates,link,https://www.liberale.de/content/wahl-von-steinmeier-ist-signal-fuer-die-einheit-des-staates,2017-02-13 08:00:24,148,51,11,118,1,0,15,3,11,FDP
21289227249_10155013738862250,"Der #Wahlkampf im Saarland startet in die hei√üe Phase. Unsere Wahlk√§mpfer der FDP Saar - SaarLiberale pr√§sentieren ihr erstes Motiv (Y) (Y) (Y)

Unterst√ºtze mit Deinem Like das Team um Oliver Luksic!",FDP Saar - SaarLiberale,photo,https://www.facebook.com/fdpsaar/photos/a.190212237658122.49756.189006054445407/1444935465519120/?type=3,2017-02-13 05:02:50,68,2,0,68,0,0,0,0,0,FDP
21289227249_10155011936432250,Schnappsch√ºsse aus der Fraktionsitzung der FDP im Bundestag am Sonntag vor der Wahl des Bundespr√§sidenten in der Bundesversammlung,Fraktionssitzung der FDP zur Bundesversammlung (Sonntag),photo,https://www.facebook.com/FDP/photos/a.10155011931572250.1073741876.21289227249/10155011936432250/?type=3,2017-02-12 13:22:17,131,5,5,128,2,0,0,0,1,FDP
21289227249_10155011402202250,Die Freien Demokraten gratulieren Frank-Walter Steinmeier zur Wahl zum Bundespr√§sidenten. #Bundesversammlung,,status,,2017-02-12 08:26:26,478,43,28,445,0,0,11,4,18,FDP
21289227249_10155011126812250,,FDP's cover photo,photo,https://www.facebook.com/FDP/photos/a.10150649308442250.418226.21289227249/10155011126812250/?type=3,2017-02-12 06:11:57,260,13,4,249,6,3,1,0,1,FDP
21289227249_10155011098022250,Unsere Frauenpower bei der #Bundesversammlung,Timeline Photos,photo,https://www.facebook.com/FDP/photos/a.82276712249.79698.21289227249/10155011098022250/?type=3,2017-02-12 05:55:51,462,16,9,453,5,3,1,0,0,FDP
21289227249_10155010996287250,Die Fraktionssitzung vor der #Bundesversammlung geht los.,Timeline Photos,photo,https://www.facebook.com/FDP/photos/a.82276712249.79698.21289227249/10155010996287250/?type=3,2017-02-12 04:40:28,123,21,2,122,1,0,0,0,0,FDP
21289227249_10155010846622250,Unsere Wahlfrauen und Wahlm√§nner der #Bundesversammlung,Timeline Photos,photo,https://www.facebook.com/FDP/photos/a.82276712249.79698.21289227249/10155010846622250/?type=3,2017-02-12 03:01:01,341,49,35,335,4,0,0,2,0,FDP
21289227249_10155010761997250,Schnappsch√ºsse aus der Fraktionsitzung der FDP im Bundestag am Samstag vor der Wahl des Bundespr√§sidenten in der Bundesversammlung,Fraktionssitzung der FDP zur Bundesversammlung,photo,https://www.facebook.com/FDP/photos/a.10155010760322250.1073741875.21289227249/10155010761997250/?type=3,2017-02-12 02:01:17,98,4,3,98,0,0,0,0,0,FDP
21289227249_10155008934282250,Fraktionssitzung der FDP zur #Bundesversammlung,Timeline Photos,photo,https://www.facebook.com/FDP/photos/a.82276712249.79698.21289227249/10155008934282250/?type=3,2017-02-11 11:51:44,185,18,5,183,0,1,0,0,1,FDP
21289227249_10155008342402250,"Die #Nutzlos-Maut der CSU (Christlich-Soziale Union) kostet 
251 Mio. Euro im Jahr mehr, als sie einbringt. 
Deswegen: Kein Maut-Wahnsinn nur zur Gesichtswahrung von Horst Seehofer ‚Äì wir sagen #NeinZurMaut.",Maut-Wahnsinn ist die M√ºhe nicht Wert,link,https://www.liberale.de/content/maut-wahnsinn-ist-die-muehe-nicht-wert,2017-02-11 06:56:50,1279,85,205,1240,14,3,3,2,17,FDP
21289227249_10155006206467250,"Jetzt ist es amtlich: Die Freien Demokraten trauen Kindern und Jugendlichen am meisten zu. Wir schauen optimistisch in die Zukunft. Denn wir glauben, dass Deutschland seine besten Tage noch vor sich hat. Und wir die richtigen Ideen daf√ºr.",Timeline Photos,photo,https://www.facebook.com/FDP/photos/a.82276712249.79698.21289227249/10155006206467250/?type=3,2017-02-10 12:40:37,873,40,185,832,27,2,12,0,0,FDP
21289227249_10155005572552250,"Konsequente R√ºckf√ºhrung abgelehnter Asylbewerber und klare Regeln f√ºr die legale Zuwanderung: FDP-Chef Christian Lindner fordert Gr√ºne und die Union auf, sich bei den Maghreb-Staaten und einem Einwanderungsgesetz zu bewegen.",Das Asylrecht ist kein allgemeines Einwanderungsrecht,link,https://www.liberale.de/content/das-asylrecht-ist-kein-allgemeines-einwanderungsrecht,2017-02-10 07:23:32,810,33,106,801,7,2,0,0,0,FDP
21289227249_10155005290802250,"Oliver Luksic ist unser Spitzenkandidat f√ºr #DasNeueSaarland. Wie er seine Heimat voranbringen will, verr√§t er im neuen Video.",FDP Saar - SaarLiberale,video,https://www.facebook.com/fdpsaar/videos/1441064465906220/,2017-02-10 04:49:08,80,7,0,80,0,0,0,0,0,FDP
21289227249_10155003521632250,,FDP Saar - SaarLiberale,video,https://www.facebook.com/fdpsaar/videos/1441399002539433/,2017-02-09 13:10:38,71,8,0,70,1,0,0,0,0,FDP
21289227249_10155003313837250,"In der VW-Abgasaff√§re geht es drunter und dr√ºber: Nach den Vorw√ºrfen von Ex-Aufsichtsratschef Piech fordert Christian D√ºrr schonungslose und vollst√§ndige Aufkl√§rung. ""Die #VW-Krise wird zunehmend zur Krise der rot-gr√ºnen Landesregierung in Niedersachsen und zur Krise der gesamten SPD.""",D√ºrr: Vorw√ºrfe gegen Weil m√ºssen aufgekl√§rt werden,link,https://www.liberale.de/content/vorwuerfe-gegen-weil-muessen-aufgeklaert-werden,2017-02-09 11:26:44,123,16,29,118,2,0,0,1,2,FDP
21289227249_10155002613352250,"Griechenland f√ºhrt Deutschland und Europa an der Nase herum. Christian Lindner fordert deshalb eine neue Strategie: ""Griechenland muss au√üerhalb des Euros entschuldet werden."" Der #Grexit w√§re eine Chance f√ºr das Land und zugleich ein Neustart f√ºr die Eurozone.",Timeline Photos,photo,https://www.facebook.com/FDP/photos/a.82276712249.79698.21289227249/10155002613352250/?type=3,2017-02-09 06:03:10,1038,113,151,998,15,2,8,3,12,FDP
21289227249_10155002417837250,Einschalten lohnt sich! Christian Lindner heute Abend zu Gast bei Jan B√∂hmermann im NEO MAGAZIN ROYALE Ab 20.15 Uhr im ZDI oder ab 22.15 Uhr auf ZDFneo.,NEO MAGAZIN ROYALE,photo,https://www.facebook.com/neomagazinroyale/photos/a.326680437462467.1073741827.297467490383762/980979778699193/?type=3,2017-02-09 03:49:29,351,17,0,336,2,2,11,0,0,FDP
21289227249_10155000697242250,"Alexander Graf Lambsdorff kritisiert den politischen Missbrauch der Justiz in Russland. Er fordert die Bundesregierung auf, sich f√ºr ein faires Berufungsverfahren f√ºr Alexej #Nawalny einzusetzen. Der Kreml-Kritiker wurde heute in einem fragw√ºrdigen Prozess verurteilt.",Schuldspruch f√ºr Nawalny belegt besorgniserregende Entwicklung,link,https://www.liberale.de/content/schuldspruch-fuer-nawalny-belegt-besorgniserregende-entwicklung,2017-02-08 11:44:20,75,12,11,70,0,1,0,4,0,FDP
21289227249_10154999841442250,"Den Startschuss verpasst? Christian Lindner hat die Kampagne der Freien Demokraten zur Landtagswahl in NRW pr√§sentiert. Der Leitsatz: Es geht um unser Land. Damit sind Oliver Luksic, Wolfgang Kubicki und Christian Lindner bereit f√ºr die Wahlk√§mpfe 2017.",Es geht um unser Land,link,https://www.liberale.de/content/es-geht-um-unser-land,2017-02-08 05:27:46,367,10,38,359,5,2,1,0,0,FDP
21289227249_10154997358032250,Alexander Graf Lambsdorff sieht f√ºr Griechenland keine Zukunft mehr im Euro. Angesichts der anhaltend hohen Schulden fordert er einen schrittweisen Austritt des Landes aus der Eurozone. #Grexit,Griechenland hat keine Zukunft im Euro,link,https://www.liberale.de/content/griechenland-hat-keine-zukunft-im-euro,2017-02-07 12:09:55,437,81,73,418,2,3,7,1,6,FDP
21289227249_10154996889232250,,Christian Lindner,photo,https://www.facebook.com/lindner.christian/photos/a.180235568657688.54538.143504445664134/1590553914292506/?type=3,2017-02-07 08:40:26,697,33,0,679,13,0,5,0,0,FDP
21289227249_10154994684777250,"#SaferInternetDay: ""Fairness und Solidarit√§t sind auch Grundwerte f√ºr den Umgang im Netz. Beleidigungen, Bel√§stigungen, das Verbreiten von L√ºgen sind im Netz genauso strafbar wie in der realen Welt. Unterst√ºtzen Sie Opfer von #Cybermobbing"", so Nicola Beer. #NetzErstRecht",Safer Internet Day: Cybermobbing,video,https://www.facebook.com/FDP/videos/10154994684777250/,2017-02-07 03:05:00,98,11,12,96,2,0,0,0,0,FDP
21289227249_10154993913172250,"""Geheimdienste sind nicht der Staat im Staate. Sie sind an rechtstaatliche Regeln gebunden und m√ºssen kontrolliert werden"", fordert Sabine Leutheusser-Schnarrenberger. #NetzErstRecht",Kein Staat im Staate,video,https://www.facebook.com/FDP/videos/10154993913172250/,2017-02-06 09:40:00,140,8,20,137,2,1,0,0,0,FDP
21289227249_10154993779662250,"""Es ist inakzeptabel, jungen Familien mit einer Art Strafsteuer den Erwerb einer selbst genutzten Wohnimmobilie zu erschweren"", so Christian Lindner. ""Eigentum ist eine wichtige S√§ule der Altersvorsorge. Das sollen sich nicht nur Spitzenverdiener leisten k√∂nnen"", erg√§nzt Christian D√ºrr. ""Wir wollen, dass beim Kauf einer ersten selbst genutzten Immobilie  K√§ufer bis zu einem Kaufpreis von 500.000 Euro keine Grunderwerbsteuer mehr zahlen.""",Timeline Photos,photo,https://www.facebook.com/FDP/photos/a.82276712249.79698.21289227249/10154993779662250/?type=3,2017-02-06 06:54:14,1217,95,251,1194,14,6,0,0,3,FDP
21289227249_10154993419037250,"Reform der Grunderwerbsteuer mit Christian Lindner, Christian D√ºrr, Prof. Dr. Michael Voigtl√§nder und Dr. Kai Warnecke",,video,https://www.facebook.com/FDP/videos/10154993419037250/,2017-02-06 03:32:47,370,65,88,350,9,4,2,3,2,FDP
21289227249_10154991398297250,"Manuel H√∂ferlin stellt klar, warum von #Datenrecht statt #Datenschutz gesprochen werden sollte: ""H√§ufig wollen wir, dass die Daten verwendet werden. Aber wir wollen eine Transparenz, was damit geschieht. Und wir wollen sp√§ter noch bei der Verwendung mitreden."" #NetzErstRecht",Datenrecht statt Datenschutz,video,https://www.facebook.com/FDP/videos/10154991398297250/,2017-02-05 11:46:48,126,3,34,121,4,1,0,0,0,FDP
21289227249_10154990708492250,"Wegen #Trump bef√ºrworten B√úNDNIS 90/DIE GR√úNEN auf einmal doch #CETA. Wir finden, die Positionierung f√ºr den #Freihandel ist eine Frage der #Haltung. Denn freier Handel sichert Fortschritt und Frieden weltweit. Er schafft Arbeitspl√§tze und Wachstum, ohne die Staatshaushalte zus√§tzlich zu belasten.",Timeline Photos,photo,https://www.facebook.com/FDP/photos/a.82276712249.79698.21289227249/10154990708492250/?type=3,2017-02-05 06:57:26,1275,58,173,1205,19,2,43,1,5,FDP
21289227249_10154990346167250,"Die Digitalisierung aller Lebensbereiche f√ºhrt zur explosionsartigen Produktion ""personenbezogener Daten"". Wir wollen, dass Du die Kontrolle √ºber Deine Daten zur√ºckerh√§ltst ‚Äì gegen√ºber √∂ffentlichen Stellen und kommerziellen Datensammlern. Statt einer Vielzahl von Stellen ausgeliefert zu sein, die Deine Daten gespeichert haben, sollst Du bestimmen und kontrollieren k√∂nnen, wer wann und zu welchem Zweck Zugang zu Deinen Daten hat. #Datenschutz #NetzErstRecht",Timeline Photos,photo,https://www.facebook.com/FDP/photos/a.82276712249.79698.21289227249/10154990346167250/?type=3,2017-02-05 03:58:16,406,16,93,396,5,1,2,1,1,FDP
21289227249_10154988375022250,"#NoVDS: F√ºr mehr Sicherheit m√ºssen nicht noch mehr Daten unbescholtener B√ºrger ohne konkreten Anlass gesammelt werden. Sinnvoller ist es, Gef√§hrder gezielt zu identifizieren und l√ºcklos zu √ºberwachen. Statt auf #Vorratsdatenspeicherung setzen wir auf das #QuickFreeze-Verfahren, bei dem bereits vorhandene Verkehrsdaten im konkreten Verdachtsfall gesichert werden. #NetzErstRecht",Timeline Photos,photo,https://www.facebook.com/FDP/photos/a.82276712249.79698.21289227249/10154988375022250/?type=3,2017-02-04 11:47:23,304,12,50,298,1,1,4,0,0,FDP
21289227249_10154987890912250,"Wir sagen nicht, dass es einfach wird. Aber besser.
Unterst√ºtze uns mit Deinem Like.",Timeline Photos,photo,https://www.facebook.com/FDP/photos/a.82276712249.79698.21289227249/10154987890912250/?type=3,2017-02-04 08:02:52,1173,21,62,1149,10,0,13,0,1,FDP
21289227249_10154987371677250,"Auch Du kannst ganz einfach #Lebensretter werden: Spende Stammzellen! 

Ein Abstrich von der Mundschleimhaut. Fertig. Und Du rettest Leben.

Registriere Dich bei der Stefan-Morsch-Stiftung oder der DKMS Deutschland als #Stammzellenspender.  #Weltkrebstag",Timeline Photos,photo,https://www.facebook.com/FDP/photos/a.82276712249.79698.21289227249/10154987371677250/?type=3,2017-02-04 03:54:10,365,11,89,349,14,2,0,0,0,FDP
21289227249_10154984815222250,,FDP Schleswig-Holstein,photo,https://www.facebook.com/fdp.schleswigholstein/photos/a.264290566950978.72922.164131966966839/1293677237345634/?type=3,2017-02-03 06:40:29,262,19,0,256,5,0,1,0,0,FDP
21289227249_10154984614162250,"Datenschutz muss auch f√ºr Unternehmen gelten. Wenn Daten eine W√§hrung sind, sollte jeder Einzelne die Hoheit √ºber seine pers√∂nlichen besitzen. Daf√ºr setzen wir uns ein. Mach mit! #NetzErstRecht",Timeline Photos,photo,https://www.facebook.com/FDP/photos/a.82276712249.79698.21289227249/10154984614162250/?type=3,2017-02-03 04:38:34,284,8,42,275,8,0,1,0,0,FDP
21289227249_10154982591227250,"Digitalkompetenz hat eine Heimat: Die Freien Demokraten. Das ist das Ergebnis einer repr√§sentativen Umfrage von Civey.com. Euer Vertrauen ist unser Ansporn. Wir wollen, dass alle die Chancen der Digitalisierung nutzen k√∂nnen.",Timeline Photos,photo,https://www.facebook.com/FDP/photos/a.82276712249.79698.21289227249/10154982591227250/?type=3,2017-02-02 12:24:38,1321,55,243,1263,29,5,23,0,1,FDP
21289227249_10154982102702250,"Heute ist der Tag der #Praktikanten in Berlin. Ein guter Anlass, um sich bei unseren f√ºr die gro√üartige Arbeit zu bedanken und einen Einblick in ihr Engagement f√ºr die Freien Demokraten zu geben. Mit einem Instagram-Takeover! www.instagram.com/fdp",Timeline Photos,photo,https://www.facebook.com/FDP/photos/a.82276712249.79698.21289227249/10154982102702250/?type=3,2017-02-02 09:40:34,177,7,2,174,2,1,0,0,0,FDP
21289227249_10154981938502250,"Unsere Geheimdienste arbeiten im Geheimen. Das ist in Ordnung, entbindet sie allerdings nicht vom Recht. Die Freien Demokraten bestehen auf die Einhaltung der Grundrechte und die parlamentarische Kontrolle. Geheimdienste geh√∂ren √ºberwacht. #NetzErstRecht",Timeline Photos,photo,https://www.facebook.com/FDP/photos/a.82276712249.79698.21289227249/10154981938502250/?type=3,2017-02-02 07:38:41,155,18,23,155,0,0,0,0,0,FDP
21289227249_10154981605357250,"Mit einer Politisierung von #Mindestlohn und Lohnfindung ist niemandem gedient. Nicola Beer kritisiert SPD-Kanzlerkandidat Martin Schulz f√ºr seine pauschale Forderung nach h√∂heren L√∂hnen: ""Er sollte seine Kandidatur-Kampagne nicht mit populistischen Forderungen zulasten Dritter in Gang setzen.""",Schulz politisiert Mindestlohn und Lohnfindung,link,https://www.liberale.de/content/schulz-politisiert-mindestlohn-und-lohnfindung,2017-02-02 05:27:12,204,42,28,190,2,1,1,0,10,FDP
21289227249_10154979509732250,"Beim T√ºrkei-Besuch der Bundeskanzlerin nicht nur um die Lage in der Region gehen. Alexander Graf Lambsdorff verlangt klare Worte angesichts der fortw√§hrenden B√ºrgerrechtsverletzungen im Land. ""Mit dem bevorstehenden Referendum steht die #T√ºrkei unmittelbar vor dem Schritt in ein autokratisches Regierungssystem"", warnt er.",FDP fordert klare Worte von Merkel an Erdogan,link,https://www.liberale.de/content/fdp-fordert-klare-worte-von-merkel-erdogan,2017-02-01 12:04:19,204,19,25,197,3,1,3,0,0,FDP
21289227249_10154978966212250,"123456 oder hallo: Diese Passw√∂rter sind zwar beliebt, aber nicht sicher. Daran erinnert der √Ñndere-Dein-Passwort-Tag. Und wir h√§tten da auch noch einen Vorschlag ;-) #NetzErstRecht",Timeline Photos,photo,https://www.facebook.com/FDP/photos/a.82276712249.79698.21289227249/10154978966212250/?type=3,2017-02-01 07:58:14,216,18,65,208,5,1,2,0,0,FDP
21289227249_10154978611517250,"Die Bundesregierung will bei der inneren #Sicherheit Handlungsf√§higkeit demonstrieren. Wolfgang Kubicki kritisiert: ""Video√ºberwachung ist definitiv kein Allheilmittel, au√üer f√ºr Entscheidungstr√§ger, die ihr eigenes Versagen verschleiern wollen."" Stattdessen m√ºsse der Staat durch Polizisten Gesicht zeigen: ""Wer gegen Recht und Gesetz verst√∂√üt, muss die harte Reaktion des Staates sp√ºren.""",Video√ºberwachung verhindert nicht eine einzige Straftat,link,https://www.liberale.de/content/videoueberwachung-verhindert-nicht-eine-einzige-straftat,2017-02-01 05:00:30,376,51,67,367,4,1,1,0,3,FDP
21289227249_10154976617582250,"Mit dem Einreiseverbot f√ºr Muslime stellt der US-Pr√§sident den Rechtsstaat auf eine harte Probe. Christian Lindner kritisiert: ""Die USA waren mit ihrer Verfassung ein weltweites Leuchtfeuer der Freiheit."" Trump trete die Grundwerte seines Landes mit F√º√üen. #trump #muslimban",Timeline Photos,photo,https://www.facebook.com/FDP/photos/a.82276712249.79698.21289227249/10154976617582250/?type=3,2017-01-31 11:57:03,573,109,90,539,6,1,7,4,16,FDP
21289227249_10154975760392250,"B√ºrger√§mter sind einfach nur furchtbar: lange Wartezeiten, viel Papier und wenig Service. Wir glauben, dass Lebenszeit daf√ºr zu kostbar ist. Unser Vorschlag: Smartphone statt Nummer ziehen. #NetzErstRecht",Timeline Photos,photo,https://www.facebook.com/FDP/photos/a.82276712249.79698.21289227249/10154975760392250/?type=3,2017-01-31 05:59:04,552,30,86,534,17,0,1,0,0,FDP
21289227249_10154972177477250,"Christian Lindner fordert den designierten Parteivorsitzenden der SPD Martin Schulz auf, sich wirklich um die hart arbeitende Mitte der Gesellschaft zu k√ºmmern: ""Der √úberschuss im Bundeshaushalt reicht exakt aus, um in diesem Jahr bereits f√ºr alle Einkommen unter 50.000 Euro den #Soli komplett entfallen zu lassen.""

#PolitikDieRechnenKann #Solidarit√§tszuschlag",Die lange Ausgaben-Wunschliste des Herrn Schulz,link,https://www.liberale.de/content/die-lange-ausgaben-wunschliste-des-herrn-schulz,2017-01-30 07:49:48,541,53,76,534,5,0,2,0,0,FDP
21289227249_10154971859172250,"Religion darf keine Kategorie der Politik sein. Was wir bei Erdogan kritisiert haben, kritisieren wir bei einem Verfassungsstaat wie den USA umso mehr. ""Unser Arbeitsmarkt und unser Land brauchen qualifizierte K√∂pfe, die sich an unsere #Regeln halten"", so Christian Lindner. #Einwanderungsgesetz",Timeline Photos,photo,https://www.facebook.com/FDP/photos/a.82276712249.79698.21289227249/10154971859172250/?type=3,2017-01-30 05:01:59,1220,65,274,1190,17,4,4,2,3,FDP
21289227249_10154967142772250,"Die √ºber Jahrhunderte m√ºhsam erk√§mpften B√ºrgerrechte m√ºssen auch in der Digitalisierung Bestand haben, fordert Bernd Schl√∂mer.

Digitale B√ºrgerrechte brauchen eine Stimme. Heute mehr denn je. Macht mit: #NetzErstRecht",B√ºrgerrechte und Digitalisierung,video,https://www.facebook.com/FDP/videos/10154967142772250/,2017-01-29 03:27:00,141,21,18,137,2,0,2,0,0,FDP
21289227249_10154966200082250,"#Datenschutztag: Europ√§ischer Datenschutz darf nicht im Atlantik versinken. Die Digitalen B√ºrgerrechte brauchen eine Stimme. Heute mehr denn je. Macht mit: #NetzErstRecht

Bist du unserer Meinung? Dann teile dieses Posting!",Timeline Photos,photo,https://www.facebook.com/FDP/photos/a.82276712249.79698.21289227249/10154966200082250/?type=3,2017-01-28 07:27:01,351,16,118,343,7,1,0,0,0,FDP
21289227249_10154964611622250,"Heute ist der Europ√§ische #Datenschutztag.
Alexander Graf Lambsdorff stellt klar, dass jeder selbst bestimmen k√∂nnen sollte, was mit seinen Daten passiert. 
Deswegen gilt f√ºr uns Freie Demokraten: #NetzErstRecht. 
#Digitalisierung",Europ√§ischer Datenschutztag,video,https://www.facebook.com/FDP/videos/10154964611622250/,2017-01-28 04:27:00,138,16,39,135,1,1,1,0,0,FDP
21289227249_10154965927792250,"Daten sind das Gold des 21. Jahrhunderts. Konzerne und Regierung versuchen mit allen Mitteln ihre Claims zu verteidigen. Dabei geh√∂ren eure Daten euch. Wir finden, dass jeder die Chance haben sollte, den Schutz der Privatsph√§re selbst zu gestalten. Deswegen gilt f√ºr die Freien Demokraten: #NetzErstRecht 
#Datenschutztag",FDP's cover photo,photo,https://www.facebook.com/FDP/photos/a.10150649308442250.418226.21289227249/10154965927792250/?type=3,2017-01-28 01:45:38,156,7,30,152,1,0,3,0,0,FDP
21289227249_10154963908162250,"Die irritierenden Ma√ünahmen der Trump-Administration d√ºrfen nicht zu Sprachlosigkeit f√ºhren. Deshalb fordert Christian Lindner schnellstm√∂glich eine US-Reise der Kanzlerin: ""Angela Merkel muss das direkte Gespr√§ch mit dem US-Pr√§sidenten suchen.""",Merkel sollte baldm√∂glichst in die USA reisen,link,https://www.liberale.de/content/merkel-sollte-baldmoeglichst-die-usa-reisen,2017-01-27 11:27:39,224,51,23,216,2,1,5,0,0,FDP
21289227249_10154963519572250,"Heute wird an die sechs Millionen Opfer des #Holocaust erinnert. Die Fotoaktion #Weremember ist eine Mahnung gegen das Vergessen. Machen Sie es wie Christian Lindner, Katja Suding und Nicola Beer: Posten Sie ein Foto von sich mit der Botschaft ""I remember"" als Kommentar unter diesen Beitrag und nutzen Sie es f√ºr Ihre Profile.",#Weremember: Aktion gegen das Vergessen,link,https://www.liberale.de/content/aktion-gegen-das-vergessen,2017-01-27 07:30:00,49,3,2,45,2,0,0,2,0,FDP
21289227249_10154963385397250,"Die Regierungsumbildung ist ein ""gef√§hrliches Signal f√ºr Deutschlands Wohlstand"", warnt Christian Lindner. Die Ministerwechsel in Au√üen- und Wirtschaftsministerium schw√§chten die Handlungsf√§higkeit in einer kritischen Zeit. Es droht Stillstand bis zur Bundestagswahl.",Kabinettsumbildung schw√§cht die deutsche Handlungsf√§higkeit,link,https://www.liberale.de/content/kabinettsumbildung-schwaecht-die-deutsche-handlungsfaehigkeit,2017-01-27 05:31:40,261,50,39,251,0,2,3,2,3,FDP
21289227249_10154961450937250,Christian Lindner vertritt eine klare Meinung zur Personalrochade bei der SPD. Was meint Ihr?,Timeline Photos,photo,https://www.facebook.com/FDP/photos/a.82276712249.79698.21289227249/10154961450937250/?type=3,2017-01-26 16:36:01,536,83,47,521,2,6,7,0,0,FDP
21289227249_10154961433897250,"Bei der Landtagswahl am 26. M√§rz entscheiden die Menschen im Saarland √ºber ihre Zukunft. Wir glauben, dass das Land eine Erneuerung braucht. Das Angebot von Spitzenkandidat Oliver Luksic: Das neue Saarland. Unterst√ºtzen Sie ihn mit einer Plakatspende: https://fdp.123plakat.de/",Timeline Photos,photo,https://www.facebook.com/FDP/photos/a.82276712249.79698.21289227249/10154961433897250/?type=3,2017-01-26 12:06:59,134,3,7,129,4,1,0,0,0,FDP
21289227249_10154960866672250,Heute Abend einschalten!,Maybrit Illner,video,https://www.facebook.com/MaybritIllner/videos/10154409293377804/,2017-01-26 08:02:44,75,30,0,69,1,2,0,0,3,FDP
21289227249_10154958179752250,"Christian Lindner tourt durch Deutschland und spricht mit vielen Menschen √ºber liberale Politik. Unsere #Mitfahrgelegenheit gibt einen Einblick in sein Engagement f√ºr die Freien Demokraten. Seine Aufforderung: ""Parteipolitische Neutralit√§t ist ein Luxus, den man sich 2017 nicht mehr erlauben darf.""","Wenn Lindner kommt, sind die S√§le voll",link,https://www.liberale.de/content/wenn-lindner-kommt-sind-die-saele-voll,2017-01-25 11:49:53,695,19,59,685,5,1,4,0,0,FDP
21289227249_10154957669167250,"Die CDU nutzt die Kfz-Steuer, um die Autofahrer zus√§tzlich zu belasten. So werden sie statt der Fahrzeughersteller f√ºr Dieselaff√§re und unrealistische Verbrauchsangaben bestraft. Die Steuererh√∂hung ist das vollkommen falsche Signal, kritisiert Volker Wissing.",Timeline Photos,photo,https://www.facebook.com/FDP/photos/a.82276712249.79698.21289227249/10154957669167250/?type=3,2017-01-25 08:17:46,354,36,69,297,0,2,1,7,47,FDP
21289227249_10154957137422250,,Christian Lindner,video,http://yt2fb.com/kanzlerkandidat-der-spd-steht-fest-christian-lindn/,2017-01-25 04:22:50,225,36,0,209,6,1,5,2,2,FDP
21289227249_10154954070527250,"√úberraschende Personalrochade bei der SPD: #Gabriel schmei√üt hin und √ºberl√§sst Schulz Spitzenkandidatur und Parteivorsitz. Damit setzt der SPD-Chef leichtfertig die politische Stabilit√§t aufs Spiel, kritisiert Christian Lindner.",SPD und gro√üe Koalition im ungeordneten R√ºckzug,link,https://www.liberale.de/content/spd-und-grosse-koalition-im-ungeordneten-rueckzug,2017-01-24 12:03:32,172,65,21,139,0,5,27,0,1,FDP
21289227249_10154953456647250,"Mit #CETA senden Kanada und die EU ein wichtiges Signal f√ºr fairen Handel und offene M√§rkte. ""Das eindeutige Votum f√ºr CETA unterstreicht den Anspruch der EU, die Globalisierung zu gestalten"", betont Alexander Graf Lambsdorff. Das Handelsabkommen schaffe neue Chancen.",CETA ist wichtiges Signal gegen Protektionismus,link,https://www.liberale.de/content/ceta-ist-wichtiges-signal-gegen-protektionismus,2017-01-24 08:46:51,373,29,21,343,13,2,2,0,13,FDP
21289227249_10154952970897250,"Wir wollen, dass junge Menschen die Vorz√ºge des vereinten Europas erfahren k√∂nnen. Deswegen unterst√ºtzen wir das #Erasmus-Programm und setzen uns f√ºr #FreeInterrail ein. Denn wir glauben, dass #Europa erleben begeistert.",Timeline Photos,photo,https://www.facebook.com/FDP/photos/a.82276712249.79698.21289227249/10154952970897250/?type=3,2017-01-24 06:29:03,864,36,49,832,27,1,3,0,1,FDP
21289227249_10154949268182250,"Ihr wollt Freiheit nicht nur fordern, sondern auch gestalten? Dann werdet jetzt Mitglied unter www.fdp.de/mitgliedwerden. Gemeinsam machen wir Deutschland liberaler, weltoffener und fortschrittlicher.",Timeline Photos,photo,https://www.facebook.com/FDP/photos/a.82276712249.79698.21289227249/10154949268182250/?type=3,2017-01-23 12:37:55,936,113,253,880,23,2,25,1,5,FDP
21289227249_10154948510832250,Die Freien Demokraten haben sich entschieden: Wir unterst√ºtzen die Kandidatur von Frank-Walter Steinmeier f√ºr das Amt des Bundespr√§sidenten. Gerade in diesen Zeiten braucht Deutschland einen Mutmacher und Erkl√§rer statt einen Vereinfacher.,Freie Demokraten unterst√ºtzen Steinmeier,link,https://www.liberale.de/content/freie-demokraten-unterstuetzen-steinmeier,2017-01-23 07:35:34,1189,269,76,957,13,6,18,59,136,FDP
21289227249_10154944269902250,Erst war es ein Vertag. Dann der Beginn einer gro√üen Freundschaft. #GER #FRA #elyseetreaty #elyseevertrag,Timeline Photos,photo,https://www.facebook.com/FDP/photos/a.82276712249.79698.21289227249/10154944269902250/?type=3,2017-01-22 06:01:16,982,33,167,938,36,2,6,0,0,FDP
21289227249_10154937739187250,"Die Freien Demokraten stellen sich gegen das Vergessen. Die Erinnerung an den #Holocaust muss wachgehalten werden, damit sich die Vergangenheit nicht wiederholt. #WeRemember",#WeRemember: Aktion gegen das Vergessen,link,https://www.liberale.de/content/aktion-gegen-das-vergessen,2017-01-20 11:39:52,253,38,17,248,2,2,0,0,1,FDP
21289227249_10154936891762250,"Donald Trump wird heute US-Pr√§sident. Angesichts der Aufregung und des Protests pl√§dieren die Freien Demokraten f√ºr einen k√ºhlen Kopf. Christian Lindner fordert Kanzlerin Merkel auf, den Dialog mit Trump unverz√ºglich zu beginnen.",Der Dialog mit Trump muss sofort beginnen,link,https://www.liberale.de/content/der-dialog-mit-trump-muss-sofort-beginnen,2017-01-20 05:27:16,414,44,42,405,0,1,5,3,0,FDP
21289227249_10154934929127250,Keep calm and move to Berlin: Unsere Kampagne zum #Brexit hat Millionen Menschen erreicht und einen Politikaward gewonnen. Heimat-Gesch√§ftsf√ºhrer Matthias Storath hat mit politik&kommunikation dar√ºber gesprochen.,politik&kommunikation,link,http://www.politik-kommunikation.de/ressorts/artikel/wie-man-mit-2000-euro-budget-millionen-erreicht-161501454,2017-01-19 12:01:10,216,4,0,211,2,0,2,0,1,FDP
21289227249_10154934147157250,Joachim Gauck hat in seiner letzten Rede als Bundespr√§sident f√ºr Selbstvertrauen und unsere Demokratie geworben. Wir Freien Demokraten teilen diese Haltung: #GermanMut,Timeline Photos,photo,https://www.facebook.com/FDP/photos/a.82276712249.79698.21289227249/10154934147157250/?type=3,2017-01-19 05:52:14,481,25,104,465,15,0,1,0,0,FDP
21289227249_10154932099622250,Einschalten!,Maischberger,video,https://www.facebook.com/maischberger/videos/10154896761102433/,2017-01-18 13:59:26,34,9,0,33,0,0,1,0,0,FDP
21289227249_10154931799162250,"Das Griechenland-Hilfsprogramm funktioniert nicht ohne den IWF. Christian Lindner warnt vor einer Daueralimentation des Landes durch den Steuerzahler. Von Sch√§uble fordert er einen Strategiewechsel: ""Griechenland sollte den Euro verlassen.""",Finanzierung Griechenlands ohne IWF w√§re Dammbruch,link,https://www.liberale.de/content/finanzierung-griechenlands-ohne-iwf-waere-dammbruch,2017-01-18 11:54:40,161,14,16,156,2,0,0,2,1,FDP
21289227249_10154931446192250,,FDP's cover photo,photo,https://www.facebook.com/FDP/photos/a.10150649308442250.418226.21289227249/10154931446192250/?type=3,2017-01-18 09:12:30,78,1,0,78,0,0,0,0,0,FDP
21289227249_10154931067697250,Die Gro√üe Koalition streitet √ºber die Verwendung des Haushalts√ºberschusses. Wir h√§tten da einen Vorschlag: Den Menschen etwas zur√ºckgeben. #Entlastung,Timeline Photos,photo,https://www.facebook.com/FDP/photos/a.82276712249.79698.21289227249/10154931067697250/?type=3,2017-01-18 06:32:57,740,66,101,725,8,0,4,1,2,FDP
