status_id,status_message,link_name,status_type,status_link,status_published,num_reactions,num_comments,num_shares,num_likes,num_loves,num_wows,num_hahas,num_sads,num_angrys
77249349077_10155302127594078,"üé• Watch Alenka from Falkirk on why she supports Scotland's Referendum. 

‚úçÔ∏è You can pledge your support here: https://goo.gl/MD8wtn",Alenka from Falkirk on Scotland's Referendum,video,https://www.facebook.com/theSNP/videos/10155302127594078/,2017-04-10 15:00:00,527,35,103,478,42,0,5,0,2
77249349077_10155302182089078,"üé• Don't miss our Party Election Broadcast for the local elections. Watch it at 18.25 on STV, and 18.55 on BBC One. 

And, if you've not already registered to vote, take five minutes to do it now at www.registertovote.scot",media.giphy.com,link,https://media.giphy.com/media/3oKIPbwICM1EIqqKqI/giphy.gif,2017-04-10 12:15:00,30,7,14,28,2,0,0,0,0
77249349077_10155301312929078,"üá∫üá∏ In the US, Nicola Sturgeon announced that VisitScotland & TripAdvisor will team up to boost Scottish tourism. 

Read more about how Scotland's tourism sector is going from strength to strength: https://www.snp.org/scottish_tourism_is_going_from_strength_to_strength",Timeline Photos,photo,https://www.facebook.com/theSNP/photos/a.339647974077.151375.77249349077/10155301312929078/?type=3,2017-04-10 08:00:00,902,46,154,828,66,5,3,0,0
77249349077_10155301468299078,"üìä Nicola Sturgeon is the only political leader in the UK with a positive approval rating in Scotland, according to a new poll.",Nicola Sturgeon enjoys 'highest approval rating in Scotland',link,http://www.scotsman.com/news/politics/nicola-sturgeon-enjoys-highest-approval-rating-in-scotland-1-4416172,2017-04-10 07:44:38,3534,164,413,3184,292,3,46,2,7
77249349077_10155301274994078,"üì¢ üá∫üá∏ Read Nicola Sturgeon on promoting Scotland as a place to live, work, invest and visit in the United States.",Nicola Sturgeon,link,https://www.snp.org/promoting_trade_with_scotland_in_the_us,2017-04-10 05:59:04,756,37,0,696,51,2,5,0,2
77249349077_10155301079454078,Another significant intervention underlining the depth of good will towards Scotland across Europe.,"Independent Scotland ""most welcome"" in EU, say 50 parliamentarians",link,http://www.heraldscotland.com/news/15213979.Independent_Scotland__quot_most_welcome_quot__in_EU__say_50_parliamentarians/,2017-04-10 03:44:56,1987,85,261,1764,190,10,13,0,10
77249349077_10155287419794078,"Are you registered for the council elections? If not, take 5 mins to register and have your say on your local services on 4 May. 
üëâ www.registertovote.scot",gph.is,link,http://gph.is/2n5Zhk4,2017-04-09 14:35:00,37,4,23,34,1,0,2,0,0
77249349077_10155287393619078,üåé From tackling climate change to LGBTI rights and computer game development - Scotland is a world leader. Here's how.,Scotland is a world leader,link,https://www.snp.org/scotland_is_a_world_leader,2017-04-09 10:00:00,1002,32,193,883,111,5,3,0,0
77249349077_10155287425399078,"Our Nation's future. Your choice. Be part of it. Donate today. 
üëâ https://goo.gl/I4qvOz",gph.is,link,http://gph.is/2nmbcYz,2017-04-09 08:37:00,131,17,13,113,15,0,2,1,0
77249349077_10155286209034078,"Scotland's future should be in Scotland's hands. 

If you agree, donate to our referendum campaign today: https://goo.gl/oCirqR",media.giphy.com,link,https://media.giphy.com/media/3ohzdGF2H1wiT3jSwM/giphy.gif,2017-04-08 15:00:00,98,21,15,85,12,0,0,0,1
77249349077_10155287150179078,"‚úîÔ∏è A&E hospital waiting times best in the UK
‚úîÔ∏è Funding to keep homes warm
‚úîÔ∏è Funding for veterans projects

How we got on with the job this week.",Getting on with the job this week,link,https://www.snp.org/snp_scottish_government_getting_on_with_the_job_this_week,2017-04-08 11:00:00,986,60,222,906,71,1,7,0,1
77249349077_10155286030309078,"üó≥ The deadline for registering to vote in your local election is fast approaching, don't miss out! 

Register here: http://registertovote.scot",media.giphy.com,link,https://media.giphy.com/media/3oKIPbwICM1EIqqKqI/giphy.gif,2017-04-08 09:00:00,14,6,13,14,0,0,0,0,0
77249349077_10155286275594078,"üó≥ Being a voter matters. Register to vote before 17 April to take part in you local council election. 

Register here: http://registertovote.scot",media.giphy.com,link,https://media.giphy.com/media/3oKIPbwICM1EIqqKqI/giphy.gif,2017-04-08 09:00:00,25,7,7,25,0,0,0,0,0
77249349077_10155286155094078,"People in Scotland should have the final choice about our future. 

If you agree, donate today: https://goo.gl/Wr0I1Z 

#ScotRef",media.giphy.com,link,https://media.giphy.com/media/xUPGcsUHFfvbaGoRdC/giphy.gif,2017-04-07 15:00:00,207,37,18,186,16,1,0,0,4
77249349077_10155285795674078,"üó≥ Don't miss out on your chance to be a voter in your local council election, register to vote by midnight 17 April: http://registertovote.scot",media.giphy.com,link,https://media.giphy.com/media/3oKIPbwICM1EIqqKqI/giphy.gif,2017-04-07 15:00:00,30,11,12,28,2,0,0,0,0
77249349077_10155290979064078,#VoteSNP to invest in local communities and services. Here are some of our candidates outlining what we'll do across Scotland #Council17,#Council17 Campaign priorities,video,https://www.facebook.com/theSNP/videos/10155290979064078/,2017-04-07 10:04:11,411,53,282,374,26,2,6,0,3
77249349077_10155290420504078,"Yesterday, a SNP bill to tackle violence against women cleared it's final stage in Parliament. 

We'll hold the UK government to account on it's implementation.",Timeline Photos,photo,https://www.facebook.com/theSNP/photos/a.339647974077.151375.77249349077/10155290420504078/?type=3,2017-04-07 07:06:32,282,18,56,263,14,2,1,0,2
77249349077_10155285808439078,"üì≤ We're on LinkedIn, connect with us today for updates on the economy, business and the third sector: https://www.linkedin.com/company/thesnp",Timeline Photos,photo,https://www.facebook.com/theSNP/photos/a.339647974077.151375.77249349077/10155285808439078/?type=3,2017-04-07 07:00:00,48,3,10,42,5,1,0,0,0
77249349077_10155290314594078,,Scottish National Party (SNP)'s cover photo,photo,https://www.facebook.com/theSNP/photos/a.10150658219284078.413287.77249349077/10155290314594078/?type=3,2017-04-07 06:13:05,95,16,56,87,8,0,0,0,0
77249349077_10155285764504078,"Don't miss out on your chance to #VoteSNP, apply for a postal vote today. 

Read more about your SNP team for the 2017 council elections: https://www.snp.org/your_snp_team_for_the_2017_council_elections",media.giphy.com,link,https://media.giphy.com/media/3oKIPxMxXHqP5g9aoM/giphy.gif,2017-04-06 15:00:00,35,6,27,32,3,0,0,0,0
77249349077_10155287395089078,Scrap the rape clause.,Alison Thewliss MP,video,https://www.facebook.com/AlisonThewlissSNP/videos/1625097567504407/,2017-04-06 14:09:59,752,105,0,457,2,2,0,47,244
77249349077_10155285636619078,"The success of our #ScotRef campaign will rely on the hard work of ordinary people across Scotland.

Donate today: https://goo.gl/0aQFZj",media.giphy.com,link,https://media.giphy.com/media/26ni7h9jRerSWrW5q/giphy.gif,2017-04-06 14:00:00,153,17,11,136,12,0,4,0,1
77249349077_10155285666249078,"üé• Join Nicola Sturgeon at the Women in the World New York Summit tonight from 8.30PM BST. 

Watch here:  https://livestream.com/WomenInTheWorld/NYSummit2017",Women In The World New York Summit 2017 by Women in the World,link,https://livestream.com/WomenInTheWorld/NYSummit2017,2017-04-06 13:41:00,301,23,36,262,36,3,0,0,0
77249349077_10155285551374078,"üó≥ Help us elect SNP councils in this year's local elections that will invest your local community and services. 

Here's how: https://www.snp.org/how_you_can_help_us_win_the_council_elections",media.giphy.com,link,https://media.giphy.com/media/3ohze4iuhgTgJlG4Bq/giphy.gif,2017-04-06 13:00:00,54,12,12,45,9,0,0,0,0
77249349077_10155282954104078,"üé• Brexit Britain or an independent Scotland? The people of Scotland must have the final choice ‚Äì once the terms of Brexit are clear, and while there's still time to choose a different path.

‚úçÔ∏è Pledge your support for Scotland's referendum: https://goo.gl/uLlq13",Pledge your support for Scotland's referendum,video,https://www.facebook.com/theSNP/videos/10155282954104078/,2017-04-06 12:12:00,744,58,137,688,47,0,7,0,2
77249349077_10155286783564078,üìà Guardian research finds strong support for Scotland's referendum among small businesses.,Small business owners support Sturgeon's plans for another referendum,link,https://www.theguardian.com/small-business-network/2017/apr/06/small-business-owners-support-sturgeons-second-independence-referendum-brexit?CMP=share_btn_tw,2017-04-06 11:42:57,1013,53,99,922,78,1,8,1,3
77249349077_10155286714549078,"üåç Supported by the SNP Scottish Government, the low carbon and renewables sector supports 58,500 jobs. 

Read more about how we're tackling climate change: https://www.snp.org/10_ways_we_re_protecting_scotland_s_environment_tackling_climate_change",Timeline Photos,photo,https://www.facebook.com/theSNP/photos/a.339647974077.151375.77249349077/10155286714549078/?type=3,2017-04-06 11:30:54,320,26,64,290,30,0,0,0,0
77249349077_10155285595159078,"""From today, women will need to prove that their child was conceived as a result of rape - just in order to claim tax credits.  It is one of the most appalling, disgraceful and demeaning policies ever to emanate from Whitehall.""

- Alison Thewliss MP",Timeline Photos,photo,https://www.facebook.com/theSNP/photos/a.339647974077.151375.77249349077/10155285595159078/?type=3,2017-04-06 04:53:04,1247,193,764,356,5,27,0,133,726
77249349077_10155285525419078,,Nicola Sturgeon,link,https://www.snp.org/nicola_sturgeon_speech_at_the_united_nations_on_gender_equality_and_human_rights,2017-04-06 04:11:42,286,31,0,253,32,1,0,0,0
77249349077_10155283139194078,"The success of our campaign will rely on the hard work and good will of tens of thousands of ordinary people across the country.

Be part of it. Make a donation today: https://goo.gl/xaQwLx",gph.is,link,http://gph.is/2mSwejH,2017-04-05 15:04:00,156,47,24,136,14,1,1,0,4
77249349077_10155283077739078,üåç Nicola Sturgeon today announced new funding for global peacekeeping. Read more on Scotland's international work.,Making a positive contribution to the world,link,https://www.snp.org/scotland_international_development,2017-04-05 13:37:00,403,77,48,362,34,1,1,0,5
77249349077_10155282875279078,üé• Nicola Sturgeon will address the United Nations in New York on human rights and equality from 8pm BST. Tune in.,24 Hour Live and pre-recorded Programming,video,http://webtv.un.org/live/,2017-04-05 13:35:00,416,51,42,369,44,0,2,0,1
77249349077_10155282302804078,"‚úîÔ∏è Productivity growth four times as fast as the UK
‚úîÔ∏è The highest pay anywhere in the UK
‚úîÔ∏è The second lowest youth unemployment in the EU

Get the facts on Scotland's economy.",Scotland's economy: get the facts,link,https://www.snp.org/scotland_economy_get_the_facts,2017-04-05 13:00:01,1052,92,495,962,76,3,9,0,2
77249349077_10155279088224078,"SNP-led councils will invest in communities and local services.

Here's how you can help elect your local SNP candidate this May: https://www.snp.org/how_you_can_help_us_win_the_council_elections",media.giphy.com,link,https://media.giphy.com/media/3ohze4iuhgTgJlG4Bq/giphy.gif,2017-04-05 11:00:00,204,39,55,174,21,0,3,0,6
77249349077_10155282398429078,"Scotland's new ten-year Mental Health Strategy sets out how we'll improve access to services and ensure people get help quicker.

Here's what you need to know.",Scotland's mental health strategy: what you need to know,link,https://www.snp.org/scotland_s_mental_health_strategy_what_you_need_to_know,2017-04-05 09:16:26,276,22,67,250,21,2,0,0,3
77249349077_10155281714099078,"üì∏ We're on Instagram! 

Follow us here: https://www.instagram.com/thesnp/",Timeline Photos,photo,https://www.facebook.com/theSNP/photos/a.339647974077.151375.77249349077/10155281714099078/?type=3,2017-04-05 07:00:28,324,29,20,292,26,0,2,0,4
77249349077_10155281682794078,"üåç ""Independence, combined with equal partnership, is the best way for us to build a fairer society at home and to make a positive contribution to the world.""
- Nicola Sturgeon at Stanford University, California",Nicola Sturgeon sets out global vision for Scotland,link,http://www.bbc.co.uk/news/uk-scotland-scotland-politics-39489107,2017-04-05 04:57:23,1380,99,153,1210,158,2,3,0,7
77249349077_10155281663879078,,Nicola Sturgeon,link,https://storify.com/theSNP/first-minister-s-trade-and-investment-visit-to-usa,2017-04-05 04:47:56,318,23,0,284,34,0,0,0,0
77249349077_10155279785759078,üá∫üá∏ üì¢ Read Nicola Sturgeon's speech at Stanford University on Scotland's place in the world in full.,Nicola Sturgeon address at Stanford University on Scotland's place in the world,link,https://www.snp.org/nicola_sturgeon_address_at_stanford_university_scotland_s_place_in_the_world,2017-04-04 14:51:38,1107,87,384,955,138,1,7,0,6
77249349077_10155279110004078,"üá∫üá∏ Watch Nicola Sturgeon give a speech on Scotland's place in the world at Stanford University, live from 8pm GMT: https://livestream.com/accounts/1973198/events/7109075",,status,,2017-04-04 13:30:00,326,35,50,277,47,0,0,0,2
77249349077_10155278540874078,"Scotland's future should be in Scotland's hands. 

Be part of it. Make a donation today. https://www.ref.scot/donate",media.giphy.com,link,https://media.giphy.com/media/xUPGcKHYeniJHdLthS/giphy.gif,2017-04-04 13:00:00,168,21,11,149,15,1,0,0,3
77249349077_10155278983034078,"üë©üèª‚Äçüíº We're doubling funding to support businesses led by women. 

Read more about our action on gender equality here: https://www.snp.org/gender_equality_our_action_scotland",Timeline Photos,photo,https://www.facebook.com/theSNP/photos/a.339647974077.151375.77249349077/10155278983034078/?type=3,2017-04-04 12:00:01,241,41,45,220,18,1,0,0,2
77249349077_10155278531139078,"üó≥ Have you registered to be a voter in your local council election? You have until midnight on 17 April. 

Do it today: http://registertovote.scot",media.giphy.com,link,https://media.giphy.com/media/3oKIPbwICM1EIqqKqI/giphy.gif,2017-04-04 11:00:00,24,5,19,20,4,0,0,0,0
77249349077_10155278799789078,"‚úîÔ∏è Record staffing
‚úîÔ∏è Best hospital A&E performance in UK
‚úîÔ∏è Record patient satisfaction

Read more about how we're supporting our NHS: https://www.snp.org/13_facts_about_the_health_service_under_the_snp",Timeline Photos,photo,https://www.facebook.com/theSNP/photos/a.339647974077.151375.77249349077/10155278799789078/?type=3,2017-04-04 09:05:46,675,54,195,632,34,2,5,0,2
77249349077_10155278647514078,"Caireen, from Glasgow, on why Scotland deserves the chance to decide our future in a fair, free, and democratic way. 

‚úçÔ∏è If you agree, pledge your support for Scotland's referendum today: www.ref.scot/pledge",Pledge your support for Scotland's referendum,video,https://www.facebook.com/theSNP/videos/10155278647514078/,2017-04-04 08:04:31,929,60,256,847,73,0,5,0,4
77249349077_10155278124949078,üì¢ Read Nicola Sturgeon on Scotland's new Mental Health Strategy - as investment in mental health tops ¬£1 billion this year for the first time.,A new ten-year strategy to improve Scotland's mental health,link,https://www.snp.org/a_new_ten_year_strategy_to_improve_scotland_s_mental_health,2017-04-04 03:53:11,759,45,129,687,67,3,1,0,1
77249349077_10155275726679078,"The people of Scotland must have the final choice on our future. 

üíª If you agree, donate to our #ScotRef campaign today: https://www.ref.scot/donate",media.giphy.com,link,https://media.giphy.com/media/l1KVcc57zlIcRVQru/giphy.gif,2017-04-03 14:00:00,217,37,27,193,20,0,3,0,1
77249349077_10155276309494078,"üåç Today's joint agreement has strengthened Scotland's relationship with the Government of California. 

Find out more: https://news.gov.scot/news/scotland-and-california-tackling-climate-change",Timeline Photos,photo,https://www.facebook.com/theSNP/photos/a.339647974077.151375.77249349077/10155276309494078/?type=3,2017-04-03 13:57:33,1846,112,217,1652,168,3,21,0,2
77249349077_10155275671979078,üó≥ Be a voter: make sure you register to vote by midnight 17 April to ensure you can #VoteSNP in your local council elections. http://registertovote.scot,media.giphy.com,link,https://media.giphy.com/media/3oKIPbwICM1EIqqKqI/giphy.gif,2017-04-03 11:00:00,56,15,48,48,8,0,0,0,0
77249349077_10155275784839078,"üè† We're making more funding available to help people keep their homes warm and bring their energy bills down. 

Read more: https://www.snp.org/keeping_homes_warm_and_energy_bills_down",Timeline Photos,photo,https://www.facebook.com/theSNP/photos/a.339647974077.151375.77249349077/10155275784839078/?type=3,2017-04-03 10:16:20,465,31,134,433,28,2,2,0,0
77249349077_10155275563949078,"üíª Today new devolved employment services will begin work ‚Äì backed up with ¬£20 million additional funding. 

Read more. https://www.snp.org/how_will_the_snp_scottish_government_use_powers_over_employment_support_services",Timeline Photos,photo,https://www.facebook.com/theSNP/photos/a.339647974077.151375.77249349077/10155275563949078/?type=3,2017-04-03 08:58:34,590,36,271,528,60,2,0,0,0
77249349077_10155275364224078,üá∫üá∏ Three American firms are investing ¬£6.3 million in Scotland.,Nicola Sturgeon nets ¬£6.3million deal for Scots jobs on first day of US visit,link,http://www.dailyrecord.co.uk/news/scottish-news/nicola-sturgeon-nets-63million-deal-10146762,2017-04-03 07:16:13,5928,335,907,5401,451,57,14,2,3
77249349077_10155275230674078,Read Nicola Sturgeon on how we're using the new Scottish Parliament's new powers to protect public services and build a fairer Scotland.,Nicola Sturgeon,link,https://www.snp.org/putting_new_devolved_powers_to_good_use,2017-04-03 06:03:26,653,41,0,585,64,1,3,0,0
77249349077_10155274982414078,"This weekend SNP activists across Scotland were campaigning to  protect local services and empower their communities.

#Council17 #VoteSNP",Your SNP team for the #Council17 elections: campaigning this weekend,link,https://twitter.com/i/moments/848810775116492800,2017-04-03 03:46:21,477,21,44,444,26,2,2,0,3
77249349077_10155272444964078,,Spain drops plan to impose veto if Scotland tries to join EU,link,https://www.theguardian.com/politics/2017/apr/02/spain-drops-plan-to-impose-veto-if-scotland-tries-to-join-eu?CMP=twt_gu,2017-04-02 07:25:12,2166,160,397,1896,200,9,46,1,14
77249349077_10155267175019078,"Today we have announced over ¬£300,000 of funding for 19 projects through the Scottish Veterans Fund. 

Read more here: https://www.snp.org/pb_how_are_the_snp_supporting_veterans",Timeline Photos,photo,https://www.facebook.com/theSNP/photos/a.339647974077.151375.77249349077/10155267175019078/?type=3,2017-04-02 06:00:00,352,30,123,320,32,0,0,0,0
77249349077_10155267158754078,"This weekend we'll be working to elect SNP councils to protect your local services. 

Read more.",Your SNP team for the 2017 council elections,link,https://www.snp.org/your_snp_team_for_the_2017_council_elections,2017-04-01 10:00:00,194,43,29,174,17,1,1,0,1
77249349077_10155267233529078,"From announcing new jobs, to a new Mental Health Strategy and supporting our NHS: we've got on with the job this week.

Here's how.",Your SNP government: getting on with the job,link,https://www.snp.org/your_snp_government_getting_on_with_the_job,2017-04-01 08:00:00,1058,71,150,948,92,1,16,0,1
77249349077_10155267056814078,"Today marks six years since the SNP scrapped prescription charges. 

Read more about how people in Scotland will continue to get the best deal in the UK this year: https://www.snp.org/higher_standard_of_living_scotland_tax",Timeline Photos,photo,https://www.facebook.com/theSNP/photos/a.339647974077.151375.77249349077/10155267056814078/?type=3,2017-04-01 06:00:00,1522,131,568,1369,135,7,7,0,4
77249349077_10155267265374078,"üé• Former senior Labour activist, Jamie Kerr, on joining the SNP and the Labour party's failure to stand up for Scottish interests.","Former senior Labour activist, Jamie Kerr",video,https://www.facebook.com/theSNP/videos/10155267265374078/,2017-03-31 14:32:00,1348,119,694,1239,84,16,6,1,2
77249349077_10155267242064078,"""It's that kind of country I want to belong to: an outward-looking, international, aspirational Scotland."" - Alenka from Falkirk on why she is supporting Scotland's Referendum. 

If you support Scotland having the final choice on our future, sign the #ScotRef pledge: https://www.ref.scot/pledge",Alenka from Falkirk on why she supports #ScotRef,video,https://www.facebook.com/theSNP/videos/10155267242064078/,2017-03-31 11:51:58,1560,83,509,1397,150,0,7,0,6
77249349077_10155267124939078,"Brexit, opposing the Rape Clause and defending the rights of EU nationals: The SNP's Week In Westminster.","Brexit, opposing the Rape Clause and defending the rights of EU nationals: The SNP's Week In Westminster (with images, tweets) ¬∑ theSNP",link,https://storify.com/theSNP/brexit-opposing-rape-clause-defending-eu-nationals,2017-03-31 11:07:05,1059,86,125,935,104,1,7,1,11
77249349077_10155266984169078,"""When the time is right, people in Scotland should have the opportunity to make an informed choice about our future.""",Channel 4 News Democracy,video,https://www.facebook.com/Channel4NewsDemocracy/videos/1259104017500872/,2017-03-31 09:44:23,1501,314,0,1258,165,1,23,2,52
77249349077_10155266958694078,"Nicola Sturgeon has written to Theresa May to begin early discussions to allow a referendum on independence to take place. Read the letter, in full, here. https://www.snp.org/nicola_sturgeon_s_section_30_letter_to_theresa_may",Photos from Scottish National Party (SNP)'s post,photo,https://www.facebook.com/theSNP/photos/a.339647974077.151375.77249349077/10155266957129078/?type=3,2017-03-31 09:35:53,1105,104,122,933,142,3,15,0,12
77249349077_10155266945899078,Nicola Sturgeon has written to Theresa May to begin early discussions to allow a referendum on independence to take place. Read the letter here.,Nicola Sturgeon's Section 30 letter to Theresa May,link,https://www.snp.org/nicola_sturgeon_s_section_30_letter_to_theresa_may,2017-03-31 09:30:55,824,80,55,692,118,1,10,0,3
77249349077_10155266578319078,Nicola Sturgeon on why she is formally asking for powers to hold a second independence referendum.,The Scottish Government,video,https://www.facebook.com/TheScottishGovernment/videos/1282250801829762/,2017-03-31 06:56:27,1813,138,0,1540,245,4,6,2,16
77249349077_10155266578044078,New Mental Health Strategy and the Scottish Parliament backs Scotland's referendum: here's how your SNP MSPs got on with the job this week.,"Holyrood Highlights: new Mental Health Strategy, #ScotRef, Bavaria Deal, #YourSP Day and Earth Hour",link,https://storify.com/theSNP/holyrood-highlights-58dd05670a919bdf1eb6fbdd,2017-03-31 06:56:17,676,22,71,605,63,1,4,0,3
77249349077_10155266221644078,"New poll shows most Scots back Scotland's choice. Get the facts here. 

#ScotRef",Most Scots agree Scotland's Referendum should be made in Scotland,link,https://www.snp.org/most_scots_agree_scotland_s_referendum_should_be_made_in_scotland,2017-03-31 03:48:56,1708,130,248,1564,126,2,14,0,2
77249349077_10155264538969078,,Nicola Sturgeon,photo,https://www.facebook.com/NicolaSturgeonSNP/photos/a.195550573820200.40918.143272075714717/1451271084914803/?type=3,2017-03-30 13:27:33,2910,292,0,2487,392,7,8,1,15
77249349077_10155264161519078,"Our candidates for your local council are ready to work to deliver key priorities such as expanding childcare and closing the attainment gap. 

Here's what you need to know.",Your SNP team for the 2017 council elections,link,https://www.snp.org/your_snp_team_for_the_2017_council_elections,2017-03-30 11:52:44,513,45,85,471,33,0,7,0,2
77249349077_10155263983924078,"Most people think Scotland shouldn't have to leave the EU. We believe the people of Scotland should have the final choice on our future.

‚úçÔ∏è If you agree, sign the #ScotRef pledge: https://www.ref.scot/pledge",Timeline Photos,photo,https://www.facebook.com/theSNP/photos/a.339647974077.151375.77249349077/10155263983924078/?type=3,2017-03-30 08:56:07,1760,159,227,1609,130,1,14,0,6
77249349077_10155263844059078,"From announcing new jobs, to supporting our NHS and expanding childcare - your SNP government has been delivering for Scotland this week. Here's how.",Here's how we've got on with the job this week,link,https://twitter.com/i/moments/804706153057964033,2017-03-30 07:38:13,1132,71,234,1032,89,3,7,0,1
77249349077_10155263700999078,,The Scottish Parliament,video,https://www.facebook.com/scottishparliament/videos/1233759630055794/,2017-03-30 06:01:41,335,55,0,277,47,0,2,1,8
77249349077_10155263575234078,,Channel 4 News Democracy,video,https://www.facebook.com/Channel4NewsDemocracy/videos/1257219044356036/,2017-03-30 04:40:28,1011,189,0,863,86,3,11,3,45
77249349077_10155263514634078,"New funding announced by the Scottish Government this week for Jo's Cervical Cancer Trust will help reduce inequalities in cervical screening rates. 

Read more about our action on cancer here: https://www.snp.org/pb_how_are_the_snp_improving_cancer_services",Timeline Photos,photo,https://www.facebook.com/theSNP/photos/a.339647974077.151375.77249349077/10155263514634078/?type=3,2017-03-30 03:52:42,482,42,112,435,46,1,0,0,0
77249349077_10155261703214078,üì¢ Read Nicola Sturgeon on the triggering of Article 50.,To block Scotland's right to self-determination would be democratically indefensible,link,https://www.snp.org/theresa_may_to_block_scotland_s_right_to_self_determination_would_be_democratically_indefensible,2017-03-29 11:16:43,1531,162,221,1382,117,1,8,1,22
77249349077_10155261318214078,üè¢ Global firm Genpact has announced an investment in Scotland that will create hundreds of jobs. Read more: https://news.gov.scot/news/global-giant-invests-in-scotland,Timeline Photos,photo,https://www.facebook.com/theSNP/photos/a.339647974077.151375.77249349077/10155261318214078/?type=3,2017-03-29 08:13:19,293,44,44,265,26,2,0,0,0
77249349077_10155261197264078,"Article 50 has been triggered. 

Here's how the two-year timescale allows for Scotland to have the final choice on its future through an independence referendum: https://www.snp.org/article_50_triggered_what_happens_next",Article 50 and Scotland's choice: a timeline,video,https://www.facebook.com/theSNP/videos/10155261197264078/,2017-03-29 07:10:10,846,89,330,734,56,3,6,16,31
77249349077_10155261148574078,"üìΩ  Alex Salmond MP: ""Has the Prime Minister considered, in terms of invoking Article 50, that now is not the time?"" #PMQs",Has Theresa May considered that now is not the time?,video,https://www.facebook.com/theSNP/videos/10155261148574078/,2017-03-29 06:42:56,3155,310,1673,2371,278,2,490,1,13
77249349077_10155260957584078,Today the Prime Minister will trigger Article 50. Here's the story so far - in just 200 words.,The Article 50 process explained in 200 words,link,https://www.snp.org/article_50_process_explained_in_200_words,2017-03-29 04:34:40,101,30,38,79,1,1,1,10,9
77249349077_10155259090509078,"The Scottish Parliament has backed Scotland's referendum and the Tories say they'll block it. 

Send them a message by backing our crowdfunder: www.ref.scot/donate",media.giphy.com,link,https://media.giphy.com/media/l1KVbFPkfjK48MyFa/giphy.gif,2017-03-28 14:00:37,710,119,139,613,68,3,4,1,21
77249349077_10155258825179078,"The Scottish Parliament has backed Scotland's referendum. 

‚úçÔ∏è If you agree that people must be given a choice on Scotland's future, sign the pledge: https://www.ref.scot/pledge",giphy.com,link,https://giphy.com/gifs/thesnp-snp-scottish-national-party-the-l4FGKCxtkjdZGTQSk,2017-03-28 11:12:36,3503,540,734,2915,537,3,29,3,16
77249349077_10155258620484078,üì¢ Read Nicola Sturgeon's speech to the Scottish Parliament on Scotland's referendum in full.,Nicola Sturgeon's speech to the Scottish Parliament on Scotland's referendum,link,https://www.snp.org/nicola_sturgeon_speech_to_scottish_parliament_on_scotland_s_referendum,2017-03-28 09:43:36,679,62,90,586,83,1,6,0,3
77249349077_10155258551169078,"Scotland should have the final choice on it's future, when the terms of Brexit are clear. 

‚úçÔ∏è If you agree, sign the #ScotRef pledge: https://www.ref.scot/pledge",Timeline Photos,photo,https://www.facebook.com/theSNP/photos/a.339647974077.151375.77249349077/10155258551169078/?type=3,2017-03-28 09:23:12,1707,120,266,1545,146,1,4,1,10
77249349077_10155258487809078,"Nicola Sturgeon:  ""Let us start today as we mean to go on - positively, passionately and respectfully."" 

#ScotRef",Nicola Sturgeon opens the #ScotRef debate,video,https://www.facebook.com/theSNP/videos/10155258487809078/,2017-03-28 09:09:42,832,101,217,713,103,2,8,2,4
77249349077_10155256370304078,"üé• Alex Salmond MP: ""We should say to our 3 million fellow citizens from the European Union, that you are welcome in this country and we appreciate everything that you do."" #bbcqt",EU citizens must be given the right to remain in the United Ki...,video,https://www.facebook.com/theSNP/videos/10155256370304078/,2017-03-27 15:36:14,1368,128,438,1183,171,1,6,0,7
77249349077_10155255594419078,üó≥ Be a voter in #Council17. Make sure you're registered to vote by midnight on 17 April. Register now: http://registertovote.scot  #VoteSNP,media.giphy.com,link,https://media.giphy.com/media/3oKIPbwICM1EIqqKqI/giphy.gif,2017-03-27 14:00:00,60,6,54,58,2,0,0,0,0
77249349077_10155255994354078,"Nicola Sturgeon makes it clear that Theresa May's timeline matches #ScotRef timescale, when the terms of Brexit become clear, from Autumn 2018 to Spring 2019.",Nicola Sturgeon on the timing of Scotland's Referendum,video,https://www.facebook.com/theSNP/videos/10155255994354078/,2017-03-27 13:00:07,828,106,155,738,73,1,11,1,4
77249349077_10155255609784078,"üï∞ The people of Scotland should have the final choice on our future, once terms of the Brexit are clear but before it's too late to change course. Read more here. 

‚úçÔ∏è If you agree, sign the #ScotRef pledge: https://www.ref.scot/pledge",The timing of Scotland's referendum explained in 200 words,link,https://www.snp.org/timing_of_scotlands_referendum_in_200_words,2017-03-27 12:00:00,177,26,44,158,18,0,0,0,1
77249349077_10155255111999078,"Scotland must have a choice. Scotland's referendum must be made in Scotland. 

‚úçÔ∏è Pledge your support for #ScotRef: https://www.ref.scot/pledge",Timeline Photos,photo,https://www.facebook.com/theSNP/photos/a.339647974077.151375.77249349077/10155255111999078/?type=3,2017-03-27 08:00:00,610,42,91,560,50,0,0,0,0
77249349077_10155255005734078,,Nicola Sturgeon,link,https://www.snp.org/last_week_london_saw_both_the_very_worst_and_the_very_best_of_humanity,2017-03-27 06:16:51,358,36,0,333,21,0,0,0,4
77249349077_10155245670289078,"üó≥ Have your say on your local services in the council elections. If you're not already register, you can at www.registertovote.scot",media.giphy.com,link,https://media.giphy.com/media/3oKIPbwICM1EIqqKqI/giphy.gif,2017-03-26 14:24:00,80,21,48,72,8,0,0,0,0
77249349077_10155245624769078,"This week we set out steps to ensure parents have more choice than ever before when accessing free childcare. 

Read more about our action to support families since taking office ten years ago.",10 ways we're helping Scotland's families,link,https://www.snp.org/10_ways_we_re_helping_scotland_families,2017-03-26 08:05:00,371,66,80,331,35,0,4,0,1
77249349077_10155245644079078,"üé• Rhiannon, Glasgow, on why it's so important to have a clear path for the way ahead. 

‚úçÔ∏è Back Scotland's referendum at www.ref.scot/pledge.","Rhiannon, from Glasgow",video,https://www.facebook.com/theSNP/videos/10155245644079078/,2017-03-25 13:37:05,599,58,166,531,62,0,5,0,1
77249349077_10155245595869078,"üè† The SNP has delivered more council homes for our island communities than Labour and the Lib Dems by a factor of 32 and more than double the number of housing association homes.

Read more about our housebuilding action.",7 ways we're keeping homes affordable,link,https://www.snp.org/7_ways_we_re_keeping_homes_affordable,2017-03-25 12:52:00,595,41,109,556,32,2,4,1,0
77249349077_10155245061689078,"The best performing A&E in the UK, higher exam passes up by a third, free childcare expanded, the lowest recorded crime level in 42 years, and much more. 

Here's just some of what the SNP has achieved in government in ten years.",Our record,link,https://www.snp.org/record,2017-03-25 09:39:00,1685,107,538,1549,120,1,15,0,0
77249349077_10155245471839078,,John Swinney  MSP,link,http://www.bbc.co.uk/news/uk-scotland-scotland-politics-39380949,2017-03-24 11:35:29,811,78,0,731,61,0,3,0,16
77249349077_10155244900934078,"NHS IVF access in Scotland is the fairest and most generous in the UK. 

Find out more about how we're working to make our NHS services better still: https://www.snp.org/13_facts_about_the_health_service_under_the_snp",Timeline Photos,photo,https://www.facebook.com/theSNP/photos/a.339647974077.151375.77249349077/10155244900934078/?type=3,2017-03-24 07:12:37,726,67,134,657,64,3,1,0,1
77249349077_10155244762974078,"üìä Three quarters of people believe the Scottish Government should have the most influence over the way Scotland is run, new Scottish Social Attitudes Survey findings show.",Timeline Photos,photo,https://www.facebook.com/theSNP/photos/a.339647974077.151375.77249349077/10155244762974078/?type=3,2017-03-24 06:04:16,1421,116,317,1320,90,4,7,0,0
77249349077_10155244761299078,üìä New findings from the Scottish Social Attitudes Survey show 65 per cent of people trust the Scottish Government to work in Scotland's best interests - 40 percentage points ahead of the UK Government.,Timeline Photos,photo,https://www.facebook.com/theSNP/photos/a.339647974077.151375.77249349077/10155244761299078/?type=3,2017-03-24 06:02:34,816,58,224,743,64,2,6,0,1
77249349077_10155242403784078,"Parents will have more choice than ever before when accessing their child's funded nursery provision. 

Find out more about our work to expand and improve free childcare: https://www.snp.org/pb_what_is_the_snp_doing_for_early_years_education",Timeline Photos,photo,https://www.facebook.com/theSNP/photos/a.339647974077.151375.77249349077/10155242403784078/?type=3,2017-03-23 10:55:04,218,36,52,197,21,0,0,0,0
77249349077_10155242351069078,,John Swinney  MSP,link,https://www.snp.org/my_agenda_for_scottish_education_john_swinney,2017-03-23 10:20:11,434,50,0,405,26,0,3,0,0
77249349077_10155241983499078,,Angus Robertson MP,note,https://www.facebook.com/notes/angus-robertson-mp/today-of-all-days-we-are-reminded-that-we-are-as-one-in-our-dedication-to-democr/725717230923124,2017-03-23 07:48:41,183,45,0,168,12,0,2,0,1
77249349077_10155241894759078,,Nicola Sturgeon,video,https://www.facebook.com/NicolaSturgeonSNP/videos/1442162529158992/,2017-03-23 07:16:09,864,73,0,775,73,0,0,12,4
77249349077_10155241859454078,,The Scottish Parliament,video,https://www.facebook.com/scottishparliament/videos/1226912880740469/,2017-03-23 06:56:12,180,25,0,145,32,0,0,0,3
77249349077_10155238937034078,"üìΩ Benefit sanctions don't work. And Westminster knows it

Mhairi Black MP tackles the Tories' punitive benefit sanctions regime; which is designed to victimise the most vulnerable in society, costs more to administer than it saves and makes those using it more likely to fall into hardship.",Mhairi Black: benefit sanctions don't work. And Westminster kn...,video,https://www.facebook.com/theSNP/videos/10155238937034078/,2017-03-22 08:33:35,1242,127,1469,1083,89,0,3,42,25
77249349077_10155238796089078,"Angus Robertson MP: ""If the House of Commons, EU Parliament and 27 member states can have a choice, then why can't the people of Scotland have a choice over their future?"" #PMQs

‚úç If you agree that the people of Scotland should have the final choice on our future, sign the #ScotRef pledge: https://www.ref.scot/pledge",Angus Robertson challenges the Prime Minister at PMQs over a f...,video,https://www.facebook.com/theSNP/videos/10155238796089078/,2017-03-22 07:49:27,1614,151,448,1439,118,1,12,1,43
77249349077_10155238523539078,üìù The Tory government must halt the Universal Credit roll-out that is pushing people into hardship. Read more.,Tory welfare cuts must end,link,https://www.snp.org/tory_welfare_cuts_must_end,2017-03-22 05:36:06,362,64,78,324,1,3,2,1,31
77249349077_10155238422974078,"Bruce Crawford MSP: ""Let's lead from the front and show respect for each others point of view."" 

#ScotRef",Bruce Crawford on #ScotRef,video,https://www.facebook.com/theSNP/videos/10155238422974078/,2017-03-22 05:01:12,823,104,231,740,75,1,6,0,1
77249349077_10155235882529078,"‚úâÔ∏è Be a voter in your local council elections on 4 May. 

Remember to apply online for a postal ballot before 5pm on 18 April: http://registertovote.scot",media.giphy.com,link,https://media.giphy.com/media/3oKIPxMxXHqP5g9aoM/giphy.gif,2017-03-21 15:00:00,148,62,63,131,14,0,0,0,3
77249349077_10155235799199078,"‚úçÔ∏è If you agree that the people of Scotland should have the final choice on our future, sign the #ScotRef pledge: https://www.ref.scot/pledge",Timeline Photos,photo,https://www.facebook.com/theSNP/photos/a.339647974077.151375.77249349077/10155235799199078/?type=3,2017-03-21 12:00:01,1292,129,156,1155,119,0,13,0,5
77249349077_10155235652869078,,#SNP17 Photo booth,photo,https://www.facebook.com/theSNP/photos/a.10155223584584078.1073741912.77249349077/10155235652869078/?type=3,2017-03-21 10:11:58,1842,134,150,1688,137,1,12,2,2
77249349077_10155235043729078,"The next two years are hugely important. They'll determine what kind of country Scotland  will be ‚Äì so the people of Scotland should have the final choice on our future, once the terms of Brexit are clear.

‚úçÔ∏è If you agree, pledge your support for Scotland's referendum: www.ref.scot/pledge",gph.is,link,http://gph.is/2nlvkdh,2017-03-21 10:00:58,407,49,46,366,35,1,0,0,5
77249349077_10155235589509078,"üé• ""Scotland again faces a fundamental decision about what sort of country we want to be."" 

‚úçÔ∏è If you agree Scotland should have the final choice on our future, once the terms of Brexit are clear, pledge your support today: www.ref.scot/pledge",Nicola Sturgeon opens the Scottish Parliament debate on Scotla...,video,https://www.facebook.com/theSNP/videos/10155235589509078/,2017-03-21 09:50:40,865,140,208,742,106,2,6,3,6
77249349077_10155235315324078,,Nicola Sturgeon,link,https://www.snp.org/scotland_should_have_a_choice_between_a_hard_brexit_and_becoming_independent,2017-03-21 07:46:04,954,97,0,862,80,0,2,1,9
77249349077_10155233025834078,"üó≥ If you're not already, register to vote at www.registertovote.scot & make your voice heard in your local elections. #VoteSNP #Council17",media.giphy.com,link,https://media.giphy.com/media/3oKIPbwICM1EIqqKqI/giphy.gif,2017-03-20 12:18:26,174,33,166,157,16,0,0,0,1
77249349077_10155232731439078,"We have introduced a Domestic Abuse Bill that will create a new statutory offence of domestic abuse. 

Read more here: https://www.snp.org/pb_how_is_the_snp_tackling_violence_against_women",Timeline Photos,photo,https://www.facebook.com/theSNP/photos/a.339647974077.151375.77249349077/10155232731439078/?type=3,2017-03-20 09:57:45,823,54,166,744,77,0,0,2,0
77249349077_10155232384734078,"üé• Angela Constance on child refugees: ""We will open our arms and say these are our bairns ‚Äì welcome to Scotland."" 

#RefugeesWelcome",Angela Constance on unaccompanied child refugees,video,https://www.facebook.com/theSNP/videos/10155232384734078/,2017-03-20 07:34:34,736,180,159,592,112,0,6,3,23
77249349077_10155232266784078,"If you agree with Nicola Sturgeon, sign the #ScotRef pledge today: https://www.ref.scot/pledge",Nicola Sturgeon,link,https://www.snp.org/theresa_may_must_not_block_scotland_having_a_choice,2017-03-20 06:58:11,955,86,0,871,53,2,5,0,24
77249349077_10155232036699078,"At our Spring Conference, we announced new action to improve education, grow our economy and protect public services. 

Read more here.",Good news from the SNP conference you may have missed,link,https://www.snp.org/good_news_from_the_snp_conference_you_may_have_missed,2017-03-20 04:43:45,134,17,36,119,13,0,2,0,0
77249349077_10155229842149078,"‚åö In case you missed it, here's Nicola Sturgeon's #SNP17 conference speech - in under 5 minutes.",Nicola Sturgeon's #SNP17 speech - the key moments,video,https://www.facebook.com/theSNP/videos/10155229842149078/,2017-03-19 12:42:39,1629,168,500,1340,264,3,3,0,19
77249349077_10155229454984078,"üï∞ The Tories want to run out the clock on #ScotRef ‚Äì we want people in Scotland to have an informed choice. 

Here's how - in just 200 words.",The timing of Scotland's referendum explained in 200 words,link,https://www.snp.org/timing_of_scotlands_referendum_in_200_words,2017-03-19 08:31:58,703,104,208,644,46,2,7,0,4
77249349077_10155229250674078,üç¥ Scottish food & drink exports grew to a record ¬£5.5 billion in 2016. Here's 5 things you need to know about Scotland's exports.,Scotland's strong export performance: get the facts,link,https://www.snp.org/scotland_strong_export_performance_get_the_facts,2017-03-19 06:48:32,301,31,81,278,19,3,0,0,1
77249349077_10155229168524078,"""This is all about choice. Change is coming. This is all about having a choice over the type of change. And I think we should have that choice before Scotland is taken out of the EU and a long period of time elapses making it much harder for Scotland to try to negotiate a different relationship with Europe.""

‚úçÔ∏è Support Scotland having a choice, by pledging your support for Scotland's referendum today: www.ref.scot/pledge",Peston On Sunday,video,https://www.facebook.com/PestonOnSunday/videos/1231528566960371/,2017-03-19 06:05:55,699,128,0,611,75,0,10,0,3
77249349077_10155227608104078,"At our Spring Conference we announced new action to improve education, grow our economy and protect public services. 

Read more here.",Good news from the SNP conference you may have missed,link,https://www.snp.org/good_news_from_the_snp_conference_you_may_have_missed,2017-03-18 16:14:26,734,87,99,648,82,0,0,0,4
77249349077_10155226966169078,Read Nicola Sturgeon's address to SNP conference in full. #SNP17,Nicola Sturgeon's address to SNP Spring Conference 2017,link,https://www.snp.org/nicola_sturgeon_s_address_to_snp_spring_conference_2017,2017-03-18 11:50:02,1724,153,301,1405,301,3,10,0,5
77249349077_10155226839314078,"Nicola Sturgeon: ""Scotland's future must be Scotland's choice."" 

#SNP17 #ScotRef",Timeline Photos,photo,https://www.facebook.com/theSNP/photos/a.339647974077.151375.77249349077/10155226839314078/?type=3,2017-03-18 11:00:22,2410,174,581,2147,245,1,3,0,14
77249349077_10155226772964078,,Scottish National Party (SNP),video,https://www.facebook.com/theSNP/videos/10155226386504078/,2017-03-18 10:35:49,593,64,0,442,142,0,0,0,9
77249349077_10155226561044078,"üó≥ How you can help elect more SNP Councillors across Scotland on 4 May, to keep their communities moving forward.",How you can help us win the council elections,link,https://www.snp.org/how_you_can_help_us_win_the_council_elections,2017-03-18 09:35:40,557,51,139,517,36,0,3,0,1
77249349077_10155226490449078,"Watch the final session of #SNP17, with BSL interpreter.",Spring Conference 2017 (Saturday 18th ),video,https://www.youtube.com/watch?v=-oKF5fBC3P8,2017-03-18 09:05:31,88,16,23,75,11,0,1,0,1
77249349077_10155226436309078,"Keith Brown MSP, the Economy Secretary, has announced a new scheme to help care leavers into positive destinations - fulfilling an SNP manifesto pledge.

Read his speech here: https://www.snp.org/speech_by_economy_secretary_keith_brown_to_the_2017_snp_spring_conference",Keith Brown speech to #SNP17,video,https://www.facebook.com/theSNP/videos/10155226436309078/,2017-03-18 08:45:31,281,33,38,263,17,1,0,0,0
77249349077_10155226386504078,,,video,https://www.facebook.com/theSNP/videos/10155226386504078/,2017-03-18 08:19:48,3933,5751,649,1786,1983,13,41,15,95
77249349077_10155226262019078,Read Health Secretary Shona Robison's speech to #SNP17 in full here: https://www.snp.org/speech_by_health_secretary_shona_robison_to_the_2017_snp_spring_conference,Timeline Photos,photo,https://www.facebook.com/theSNP/photos/a.339647974077.151375.77249349077/10155226262019078/?type=3,2017-03-18 07:30:17,1163,62,263,1047,110,1,3,0,2
77249349077_10155225994579078,,,video,https://www.facebook.com/theSNP/videos/10155225994579078/,2017-03-18 05:25:22,2115,3089,337,1148,891,9,21,8,38
77249349077_10155225946204078,,#SNP17 Photo booth,photo,https://www.facebook.com/theSNP/photos/a.10155223584584078.1073741912.77249349077/10155225946204078/?type=3,2017-03-18 04:57:07,1842,134,150,1688,137,1,12,2,2
77249349077_10155225842779078,"Tune in to our live broadcast, with BSL, to catch day two of SNP Spring conference.",Live Broadcast - with BSL,link,https://www.snp.org/live_broadcast,2017-03-18 04:55:00,125,19,22,110,14,0,1,0,0
77249349077_10155220804329078,"Good morning, SNP conference goers! Plan your day with our conference app. 

Get instructions and download here: https://conf.snp.org",Timeline Photos,photo,https://www.facebook.com/theSNP/photos/a.339647974077.151375.77249349077/10155220804329078/?type=3,2017-03-18 04:30:00,95,34,12,80,13,0,1,0,1
77249349077_10155225854284078,,,video,https://www.facebook.com/theSNP/videos/10155225854284078/,2017-03-18 04:06:05,370,45,37,330,37,1,1,0,1
77249349077_10155223814994078,"üé• John Swinney: ""My job - the best job - is to deliver a bright future for Scotland's youngest generation."" #SNP17",Deputy First Minister's conference speech to #SNP17,video,https://www.facebook.com/theSNP/videos/10155223814994078/,2017-03-17 12:52:43,750,91,91,673,66,0,10,0,1
77249349077_10155223739249078,"Mhairi Black MP: ""Any government should not be making its own citizens destitute - and that is exactly what this Tory government is doing."" #SNP17

Read more about Mhairi's campaign against the UK government's unfair and punitive sanctions regime here: https://www.snp.org/the_fight_for_a_fairer_uk_sanctions_regime",Mhairi Black speaks on benefit sanctions at #SNP17,video,https://www.facebook.com/theSNP/videos/10155223739249078/,2017-03-17 11:50:54,2900,269,1271,2436,430,16,8,1,9
77249349077_10155223586734078,,#SNP17 Photo booth,photo,https://www.facebook.com/theSNP/photos/a.10155223584584078.1073741912.77249349077/10155223586734078/?type=3,2017-03-17 11:06:23,1842,134,150,1688,137,1,12,2,2
77249349077_10155223435434078,,,video,https://www.facebook.com/theSNP/videos/10155223435434078/,2017-03-17 10:12:25,1737,1366,234,1009,677,4,8,13,26
77249349077_10155223390809078,"üé• ""Women in politics matters."" Jeane Freeman call to action at #SNP17 encouraging women to get involved in frontline politics.

Sign up to join the SNP's women's group here: https://www.snp.org/women",Jeane Freeman's rousing call to action at #SNP17,video,https://www.facebook.com/theSNP/videos/10155223390809078/,2017-03-17 10:05:38,407,33,90,370,36,0,0,0,1
77249349077_10155223157019078,,,video,https://www.facebook.com/theSNP/videos/10155223157019078/,2017-03-17 08:59:27,1590,1727,190,876,655,3,19,12,25
77249349077_10155222912469078,"Angus Robertson's challenge to Theresa May: ""Will she give a clear and unambiguous statement today that she will respect the wishes of Scotland's national parliament?""",#ScotRef must be made in Scotland,video,https://www.facebook.com/theSNP/videos/10155222912469078/,2017-03-17 07:20:52,1231,180,271,1082,136,0,7,1,5
77249349077_10155222708704078,"Our list of achievements is long and wide-ranging but there's much still to do. 

Here's just some: https://www.snp.org/record #SNP17 #Council17",media.giphy.com,link,https://media.giphy.com/media/l4FGw4KLsy6eAKdSE/giphy.gif,2017-03-17 06:06:32,201,30,17,177,17,0,2,0,5
77249349077_10155222745464078,"Angus Robertson's message to Theresa May: respect the wishes of Scotland's parliament. 

#SNP17 #ScoRef",Timeline Photos,photo,https://www.facebook.com/theSNP/photos/a.339647974077.151375.77249349077/10155222745464078/?type=3,2017-03-17 05:59:49,744,110,116,669,58,0,5,1,11
77249349077_10155222691569078,,,video,https://www.facebook.com/theSNP/videos/10155222691569078/,2017-03-17 05:24:58,4128,4951,846,2036,1918,11,71,8,84
77249349077_10155220794584078,"The Conference App is back! If you're at #SNP17. Plan each day - from breakfast to the wee small hours. 

Download and get full instructions here: https://www.snp.org/snp_conference_app",Timeline Photos,photo,https://www.facebook.com/theSNP/photos/a.339647974077.151375.77249349077/10155220794584078/?type=3,2017-03-17 04:30:00,85,15,10,74,9,0,0,0,2
77249349077_10155222550634078,"As 2,500 delegates gather in Aberdeen for #SNP17, get your conference briefing here.",Your SNP Conference 2017 briefing,link,https://www.snp.org/your_snp_conference_2017_briefing,2017-03-17 04:07:27,522,43,53,463,55,0,2,0,2
77249349077_10155221578109078,So these are all the things that David Davis now admits about the Tories hard Brexit strategy. #bbcqt,Joanna Cherry outlines the Tories hard Brexit strategy,video,https://www.facebook.com/theSNP/videos/10155221578109078/,2017-03-16 19:05:28,1033,141,605,921,70,1,6,1,34
77249349077_10155220838849078,"The Tories made a bid to block Scotland's choice. Send a message. 

Make a donation to the #ScotRef campaign: https://www.ref.scot/donate",media.giphy.com,link,https://media.giphy.com/media/xUPGcDnGo4TfCtJ3gI/source.gif,2017-03-16 16:00:00,458,109,58,410,38,1,5,0,4
77249349077_10155220189519078,"Nicola Sturgeon: ""Any bid by the UK Government to block the people of Scotland from making a choice will be untenable, undemocratic and totally unsustainable.""

‚úçÔ∏è Support Scotland's referendum, sign the pledge today: https://www.ref.scot/",Timeline Photos,photo,https://www.facebook.com/theSNP/photos/a.339647974077.151375.77249349077/10155220189519078/?type=3,2017-03-16 10:00:14,2326,253,477,2063,213,2,37,2,9
77249349077_10155220111439078,,Nicola Sturgeon,link,https://www.facebook.com/NicolaSturgeonSNP/posts/1434421713266407,2017-03-16 09:28:51,1237,117,0,1137,82,1,10,1,6
77249349077_10155219927409078,Scotland must have a choice. Scotland's referendum must be made in Scotland. Pledge your support for #ScotRef: www.ref.scot/pledge,Timeline Photos,photo,https://www.facebook.com/theSNP/photos/a.339647974077.151375.77249349077/10155219927409078/?type=3,2017-03-16 08:08:25,1667,83,211,1531,113,0,17,0,6
77249349077_10155218114484078,"We are just days away from Article 50 formally being triggered, and the UK Government is still unable to answer basic questions on vital issues.

‚úçÔ∏è Make sure it's your choice, pledge your support for Scotland's referendum: www.ref.scot/pledge",Sky News,video,https://www.facebook.com/skynews/videos/1680865331928057/,2017-03-15 16:44:41,957,130,1,580,8,118,54,10,187
77249349077_10155217787639078,,Channel 4 News Democracy,video,https://www.facebook.com/Channel4NewsDemocracy/videos/1243654209045853/,2017-03-15 14:28:10,2137,173,0,1909,172,24,9,5,18
77249349077_10155217665504078,üìΩ Theresa May had a bad day at the office as she faced off against the real opposition at Westminster - the SNP.  #PMQs,Standing up for Scotland,video,https://www.facebook.com/theSNP/videos/10155217665504078/,2017-03-15 13:47:25,6377,467,2113,5289,641,14,422,2,9
77249349077_10155217509039078,"Scotland's referendum should be made in Scotland, not Downing Street. Make sure it's your choice, pledge your support today: www.ref.scot/pledge",gph.is,link,http://gph.is/2mSaPak,2017-03-15 12:32:19,547,53,68,497,42,0,6,0,2
77249349077_10155216813269078,"Unemployment is down, and youth unemployment continues to be the second lowest in the EU. Get the facts: https://www.snp.org/scotland_economy_get_the_facts",Timeline Photos,photo,https://www.facebook.com/theSNP/photos/a.339647974077.151375.77249349077/10155216813269078/?type=3,2017-03-15 08:26:02,534,71,141,494,30,7,2,0,1
77249349077_10155216851999078,"‚úç Have your say on the kind of country Scotland is going to be, sign the pledge: www.Ref.Scot/pledge  #ScotRef #PMQs",People in Scotland will have a referendum and we will have our...,video,https://www.facebook.com/theSNP/videos/10155216851999078/,2017-03-15 08:00:51,1267,146,213,1118,131,0,14,1,3
77249349077_10155216455779078,"üìà Independence support is at the highest ever level and is now the most popular option for Scotland's future.

Show your support today and donate here: https://www.ref.scot/donate",Timeline Photos,photo,https://www.facebook.com/theSNP/photos/a.339647974077.151375.77249349077/10155216455779078/?type=3,2017-03-15 04:00:07,1941,155,268,1698,204,10,25,0,4
77249349077_10155214612224078,"üè† Scotland has the highest house-building rate in the UK, under the SNP. Find out more: https://www.snp.org/7_ways_we_re_keeping_homes_affordable",Timeline Photos,photo,https://www.facebook.com/theSNP/photos/a.339647974077.151375.77249349077/10155214612224078/?type=3,2017-03-14 15:42:00,463,52,78,433,30,0,0,0,0
77249349077_10155214661594078,"Together the Tories & Labour have passed the #Article50 Bill, opening the door for Theresa May's hard Brexit.

üìù Get the facts on #Brexit in 200 words and sign the pledge to make Scotland's voice heard.",The Article 50 process explained in 200 words,link,https://www.snp.org/article_50_process_explained_in_200_words,2017-03-14 13:44:35,352,67,77,280,11,3,2,4,52
77249349077_10155214352399078,"Scotland's referendum must be made in Scotland. There must be no strings attached, Westminster blocks, or Downing Street diktats. Pledge your support today: www.ref.scot/pledge",Timeline Photos,photo,https://www.facebook.com/theSNP/photos/a.339647974077.151375.77249349077/10155214352399078/?type=3,2017-03-14 11:42:58,5388,977,756,4775,508,3,19,1,82
77249349077_10155214072304078,#ICYMI Here's just some of what was missing from the Tory #Budget2017.,#Budget2017,video,https://www.facebook.com/theSNP/videos/10155214072304078/,2017-03-14 09:42:20,438,56,147,374,16,5,2,8,33
77249349077_10155213859299078,"‚úçÔ∏è If you back Scotland having a choice, sign the #ScotRef pledge today: www.ref.scot/pledge",Nicola Sturgeon,note,https://www.facebook.com/notes/nicola-sturgeon/scotlands-referendum-must-be-made-in-scotland/1432307453477833,2017-03-14 08:08:18,1196,150,0,1061,121,0,5,0,9
77249349077_10155213810484078,,Nicola Sturgeon,video,https://twitter.com/leomiklasz/status/841621272484302850,2017-03-14 07:41:50,1392,58,0,1211,154,1,0,23,3
77249349077_10155199410359078,‚úàÔ∏è Rough Guides ranked Scotland the second top country in the world to visit this year. Find out more about why our tourism industry is going from strength to strength.,5 reasons Scottish tourism is going from strength to strength,link,https://www.snp.org/scottish_tourism_is_going_from_strength_to_strength,2017-03-14 06:05:00,1231,77,212,1106,116,3,6,0,0
77249349077_10155213568534078,"""Fundamental to all of this is that it will be Scotland's choice ‚Äì and the people will decide"", Stephen Gethins MP writes in iNews.",SNP's Stephen Gethins: we won't meekly succumb to a hard Brexit - The i newspaper online iNews,link,https://inews.co.uk/opinion/comment/snps-stephen-gethins-wont-meekly-succumb-hard-brexit/,2017-03-14 05:09:15,1114,94,95,1004,99,0,8,0,3
77249349077_10155211720094078,"The Tories have voted to reject protecting rights of EU nationals.

üìùGet the facts on the #Article50 process in 200 words.",Scottish National Party,link,https://www.snp.org/article_50_process_explained_in_200_wor,2017-03-13 14:02:04,608,80,84,438,10,7,4,33,116
77249349077_10155211375414078,"The success of our campaign will rely on the hard work and good will of tens of thousands of ordinary people across the country.

Be part of it. Make a donation today at www.ref.scot/donate",gph.is,link,http://gph.is/2mSuTcE,2017-03-13 13:36:00,711,122,105,626,69,2,4,0,10
77249349077_10155211238919078,Our nation's future. Your choice. Sign the pledge in support of Scotland's referendum at www.ref.scot and pass it on by tagging a friend.,Timeline Photos,photo,https://www.facebook.com/theSNP/photos/a.339647974077.151375.77249349077/10155211238919078/?type=3,2017-03-13 10:22:56,1966,156,273,1686,248,3,5,1,23
77249349077_10155211002474078,"Today Nicola Sturgeon announced that Scotland will have a choice - between a Tory-run Brexit Britain, or taking control of our own future, with independence.

Here's what you need to know.",Scotland's referendum: what you need to know,link,https://www.snp.org/scotland_referendum_what_you_need_to_know,2017-03-13 08:54:03,7493,1255,944,5848,1210,22,73,17,323
77249349077_10155210778264078,,Nicola Sturgeon,link,https://www.snp.org/nicola_sturgeon_speech_scotland_s_referendum,2017-03-13 06:59:11,4015,218,0,3187,757,4,11,0,56
77249349077_10155210770084078,"‚úçÔ∏è If you agree Scotland should have a choice on the kind of country we are going to be, sign the pledge. #ScotRef

https://www.ref.scot/",Timeline Photos,photo,https://www.facebook.com/theSNP/photos/a.339647974077.151375.77249349077/10155210770084078/?type=3,2017-03-13 06:55:12,4607,243,1085,3958,572,4,16,5,52
77249349077_10155210764974078,,Nicola Sturgeon,video,https://www.facebook.com/NicolaSturgeonSNP/videos/1431186346923277/,2017-03-13 06:52:42,6877,376,0,5417,1287,6,21,9,137
77249349077_10155210580349078,üé• This morning Nicola Sturgeon will make an important speech in Bute House ahead of the triggering of Article 50. Watch live from 11.30.,First Minister Press Conference 13/03/2017,video,https://youtu.be/hluT4oprkmA,2017-03-13 05:28:27,526,316,266,417,72,0,4,5,28
77249349077_10155210441089078,,Nicola Sturgeon,link,https://www.snp.org/the_tories_equal_partners_claim_has_been_completely_demolished,2017-03-13 04:23:07,1355,85,0,1193,114,2,4,5,37
77249349077_10155210262619078,,Nicola Sturgeon,link,https://www.facebook.com/NicolaSturgeonSNP/posts/1431027043605874,2017-03-13 02:55:25,691,73,0,622,56,7,3,0,3
77249349077_10155200401674078,SNP MPs are using their influence at Westminster to help deliver positive change. Here's how.,Stronger for Scotland: 15 things your SNP MPs are fighting for at Westminster,link,https://www.snp.org/campaigning_for_positive_change_at_westminster,2017-03-12 07:00:00,611,55,113,563,42,1,3,0,2
77249349077_10155200534384078,Here's just some of what was missing from the Tory #Budget2017.,#Budget2017,video,https://www.facebook.com/theSNP/videos/10155200534384078/,2017-03-11 11:04:00,435,77,271,338,6,0,2,20,69
77249349077_10155200542809078,"üóû A lot has happened in Scotland this week, here's just some of the good news you might have missed.",Good news you might have missed,link,https://www.snp.org/good_news_you_might_have_missed,2017-03-11 08:00:00,989,61,265,903,74,3,8,0,1
77249349077_10155200509639078,"International Women's Day, #WASPI and opposing the Tories' austerity #Budget2017: The SNP's Week In Westminster","International Women's Day, WASPI and opposing the Tories' austerity budget: The SNP's Week In Westminster (with images, tweets) ¬∑ theSNP",link,https://storify.com/theSNP/budget2017,2017-03-10 13:23:28,153,42,38,108,3,1,0,5,36
77249349077_10155200253384078,‚ù§Ô∏è,BBC Scotland News,video,https://www.facebook.com/bbcscotlandnews/videos/1490995190924694/,2017-03-10 11:29:06,4507,408,0,3708,711,80,1,0,7
77249349077_10155199455904078,"88.7% of school leavers from Scotland's most deprived communities going on to a positive initial destination ‚Äì the highest ever proportion and up from 83.9% in 2011/12.

Read more about our action to tackle the educational attainment gap: https://www.snp.org/raising_attainment_in_schools",Timeline Photos,photo,https://www.facebook.com/theSNP/photos/a.339647974077.151375.77249349077/10155199455904078/?type=3,2017-03-10 06:21:55,362,38,89,342,16,3,1,0,0
77249349077_10155196965714078,üìù The Tories Brexit power grab: get the facts in just 200 words.,The Tory Brexit power grab: in 200 words,link,https://www.snp.org/the_tory_brexit_power_grab_in_200_words,2017-03-09 15:00:00,329,59,124,250,2,2,6,4,65
77249349077_10155196555869078,"By 2020, a further 30,000 modern apprenticeship opportunities will be available every year.

Find out more about how we're supporting Scotland's young people: https://www.snp.org/delivering_for_scotlands_young_people",Timeline Photos,photo,https://www.facebook.com/theSNP/photos/a.339647974077.151375.77249349077/10155196555869078/?type=3,2017-03-09 15:00:00,270,29,61,251,16,0,3,0,0
77249349077_10155197215934078,"Holyrood Highlights: record NHS staff levels, International Women's Day, John Swinney at FMQs, Scottish Apprenticeship Week, and much more.","Holyrood Highlights: record NHS staff levels, International Women's Day, John Swinney at FMQs and #ScotAppWeek",link,https://storify.com/theSNP/holyrood-highlights-58c172166c6aab0f098f7618,2017-03-09 14:15:55,492,58,39,437,36,1,18,0,0
77249349077_10155196240379078,"üçéüìö Today is International School Meals Day. We've extended free school meals to all pupils in Primary 1 to 3, around 135,000 children. 

Read more about how we're supporting families: https://www.snp.org/10_ways_we_re_helping_scotland_families 

#ISMD2017",Timeline Photos,photo,https://www.facebook.com/theSNP/photos/a.339647974077.151375.77249349077/10155196240379078/?type=3,2017-03-09 09:20:14,868,63,289,806,55,4,1,0,2
77249349077_10155196009839078,We are being driven ever closer towards a catastrophic hard Brexit by a right-wing Tory government who think they can do what they want to Scotland and get away with it.,John Swinney on independence,video,https://www.facebook.com/theSNP/videos/10155196009839078/,2017-03-09 08:08:20,933,120,172,788,59,3,9,8,66
77249349077_10155195705599078,,The Scottish Parliament,video,https://www.facebook.com/scottishparliament/videos/1212905692141188/,2017-03-09 06:22:40,129,30,0,121,5,0,2,0,1
77249349077_10155195696989078,"Half of all Scots back independence, according to new poll.",Timeline Photos,photo,https://www.facebook.com/theSNP/photos/a.339647974077.151375.77249349077/10155195696989078/?type=3,2017-03-09 06:19:56,2381,284,459,2082,263,6,23,2,5
77249349077_10155195470554078,,STV poll: Half of Scots would vote for independence,link,https://stv.tv/news/politics/1382623-stv-poll-half-of-scots-would-vote-for-independence/,2017-03-09 05:01:47,2487,246,356,2220,228,15,14,5,5
77249349077_10155192877169078,"Today is International Women's Day. 

Some of our MPs and MSPs have been debating why they want everyone to stand up and #beboldforchange",SNP MPs and MSP celebrate International Women's Day,video,https://www.facebook.com/theSNP/videos/10155192877169078/,2017-03-08 15:01:34,155,32,16,143,12,0,0,0,0
77249349077_10155192614194078,"Budget 2017: here's what was missing from the Chancellor's speech.

https://www.snp.org/budget_2017_what_was_missing_from_the_chancellor_s_speech",Timeline Photos,photo,https://www.facebook.com/theSNP/photos/a.339647974077.151375.77249349077/10155192614194078/?type=3,2017-03-08 12:40:15,412,80,203,291,2,1,5,14,99
77249349077_10155192459764078,"Roger Mullin MP has told the BBC the Chancellor is ""living in a parallel universe"" over Brexit and austerity #Budget2017",Roger Mullin tells the BBC the Chancellor is living in a paral...,video,https://www.facebook.com/theSNP/videos/10155192459764078/,2017-03-08 11:39:35,357,24,81,321,18,2,13,0,3
77249349077_10155192421549078,,The Scottish Government,video,https://www.facebook.com/TheScottishGovernment/videos/1257367997651376/,2017-03-08 11:19:09,213,30,0,197,12,0,3,0,1
77249349077_10155192283969078,Stewart Hosie MP has responded to the 2017 Budget which will see the UK government attempt to cut its way to growth and balance the books on the backs of the poor and vulnerable.,Stewart Hosie responds to the 2017 Budget,video,https://www.facebook.com/theSNP/videos/10155192283969078/,2017-03-08 10:34:53,578,56,219,493,16,2,2,7,58
77249349077_10155191977519078,"With a hard Tory Brexit on the horizon, Angus Robertson challenged the Prime Minister on why, at current rates, it will take the Home Office 50 YEARS to process permanent residency applications for EU nationals.",Angus Robertson challenges why it will take the Home Office 50...,video,https://www.facebook.com/theSNP/videos/10155191977519078/,2017-03-08 08:20:49,404,70,72,341,11,3,6,0,43
77249349077_10155191794149078,"On International Women's Day, read more about how we're #BoldForChange on women's equality.",International Women's Day: how the SNP is bold for change,link,https://www.snp.org/be_bold_for_change_international_womens_day,2017-03-08 06:56:17,212,14,36,193,18,1,0,0,0
